title,slug,videoUrl,description,brand,categories,specifications,shippingAndReturns,rating,isBestSeller,isNewArrival,isFeatured,isOnDeal,variant_name,variant_sku,variant_price,variant_salePrice,variant_stock,variant_inStock,variant_images,variant_weight,variant_height,variant_width,variant_depth,attribute1_name,attribute1_value,attribute2_name,attribute2_value,attribute3_name,attribute3_value
Kids Face Mask,kids-face-mask,,Number Of Pieces: 6 Pcs,,Health Accessories,Material: Cotton | | Number Of Pieces: 6 Pcs |,,5.0,,,,,,,,,,,,,,,,,,,,,
,,,,,,,,,,,,,Standard Size / Multicolor,PV_MZ1288200044HDCN_standard-size_standard,605.0,,100,TRUE,https://content.public.markaz.app/markazimagevideo/public/products/1288-223-450920-product-1.jpg,,,,,Size,Standard Size,Color,Multicolor,,
,,,,,,,,,,,,,Standard Size / Multicolor,PV_MZ1288200045HDCN_standard-size_standard,605.0,,100,TRUE,https://content.public.markaz.app/markazimagevideo/public/products/1288-223-450921-product-1.jpg,,,,,Size,Standard Size,Color,Multicolor,,
Pain Relief Socks,pain-relief-socks,,Number Of Pieces: 2 Pcs,,Health Accessories,Material: Silicone | | Number Of Pieces: 2 Pcs |,,5.0,,,,,,,,,,,,,,,,,,,,,
,,,,,,,,,,,,,Standard / Pink,PV_MZ1701200900ALHAGS_standard_pink,730.0,,117,TRUE,https://content.public.markaz.app/markazimagevideo/public/products/1701-223-673753-product-2.webp,,,,,Color,Pink,Size,Standard,,
,,,,,,,,,,,,,Standard Size / Pink,PV_MZ1701200733ALHAGS_standard-size_pink,660.0,,81,TRUE,https://content.public.markaz.app/markazimagevideo/public/products/1701-223-662601-product-2.webp,,,,,Size,Standard Size,Color,Pink,,
,,,,,,,,,,,,,Adjustable / Pink,PV_MZ2073200077BBNDMDNO_adjustable_pink,630.0,,100,TRUE,https://content.public.markaz.app/markazimagevideo/public/products/2073-223-688436-product-1.webp,,,,,Size,Adjustable,Color,Pink,,
,,,,,,,,,,,,,Standard Size / Pink,PV_MZ2073200011BBNDMDNO_standard-size_pink,590.0,,85,TRUE,https://content.public.markaz.app/markazimagevideo/public/products/2073-223-684970-product-1.webp,,,,,Size,Standard Size,Color,Pink,,
,,,,,,,,,,,,,Standard / White,PV_MZ1518200821BGSE_standard_white,659.0,,100,TRUE,https://content.public.markaz.app/markazimagevideo/public/products/1518-223-687238-product-1.webp,,,,,Color,White,Size,Standard,,
,,,,,,,,,,,,,Standard Size / Multicolor,PV_MZ1518200534BGSE_standard-size_standard,640.0,,100,TRUE,https://content.public.markaz.app/markazimagevideo/public/products/1518-223-636301-product-1.webp,,,,,Size,Standard Size,Color,Multicolor,,
,,,,,,,,,,,,,Adjustable / Peach,PV_MZ1701201118ALHAGS_adjustable_peach,460.0,,96,TRUE,https://content.public.markaz.app/markazimagevideo/public/products/1701-223-683273-product-2.webp,,,,,Size,Adjustable,Color,Peach,,
,,,,,,,,,,,,,Standard Size / Pink,PV_MZ1701200725ALHAGS_standard-size_pink,660.0,,119,TRUE,https://content.public.markaz.app/markazimagevideo/public/products/1701-223-662040-product-2.webp,,,,,Size,Standard Size,Color,Pink,,
,,,,,,,,,,,,,Standard Size / Pink,PV_MZ1701200711ALHAGS_standard-size_pink,659.0,,204,TRUE,https://content.public.markaz.app/markazimagevideo/public/products/1701-223-659653-product-2.webp,,,,,Size,Standard Size,Color,Pink,,
,,,,,,,,,,,,,Standard Size / Pink,PV_MZ1701201047ALHAGS_standard-size_pink,660.0,,100,TRUE,https://content.public.markaz.app/markazimagevideo/public/products/1701-223-681113-product-2.webp,,,,,Size,Standard Size,Color,Pink,,
,,,,,,,,,,,,,Standard Size / Pink,PV_MZ1701201017ALHAGS_standard-size_pink,660.0,,98,TRUE,https://content.public.markaz.app/markazimagevideo/public/products/1701-223-680440-product-1.webp,,,,,Size,Standard Size,Color,Pink,,
,,,,,,,,,,,,,Free Size / Pink,PV_MZ1701201122ALHAGS_standard_pink,629.0,,99,TRUE,https://content.public.markaz.app/markazimagevideo/public/products/1701-223-683278-product-2.webp,,,,,Size,Free Size,Color,Pink,,
,,,,,,,,,,,,,Standard Size / Pink,PV_MZ1701200445ALHAGS_standard-size_pink,659.0,,72,TRUE,https://content.public.markaz.app/markazimagevideo/public/products/1701-223-629985-product-2.jpg,,,,,Size,Standard Size,Color,Pink,,
,,,,,,,,,,,,,Small / Black,PV_MZ1941200001NO_small_black,2610.0,,300,TRUE,https://content.public.markaz.app/markazimagevideo/public/products/1941-223-681088-product-1.webp,,,,,Size,Small,Color,Black,,
,,,,,,,,,,,,,Free Size / Beige,PV_MZ63900140TCGLW_standard_beige,660.0,,10,TRUE,https://content.public.markaz.app/markazimagevideo/public/products/658-223-400060-product-659.jpg,,,,,Size,Free Size,Color,Beige,,
,,,,,,,,,,,,,Standard Size / Pink,PV_MZ1701200792ALHAGS_standard-size_pink,630.0,,66,TRUE,https://content.public.markaz.app/markazimagevideo/public/products/1701-223-666059-product-2.webp,,,,,Size,Standard Size,Color,Pink,,
,,,,,,,,,,,,,Standard Size / Pink,PV_MZ2073200089BBNDMDNO_standard-size_pink,660.0,,100,TRUE,https://content.public.markaz.app/markazimagevideo/public/products/2073-223-690539-product-1.webp,,,,,Size,Standard Size,Color,Pink,,
,,,,,,,,,,,,,Standard / Pink,PV_MZ94300001267PMGTIM_standard_pink,620.0,,100,TRUE,https://content.public.markaz.app/markazimagevideo/public/products/943-223-686323-product-1.webp,,,,,Color,Pink,Size,Standard,,
,,,,,,,,,,,,,Standard Size / Pink,PV_MZ1701201020ALHAGS_standard-size_pink,660.0,,92,TRUE,https://content.public.markaz.app/markazimagevideo/public/products/1701-223-680447-product-1.webp,,,,,Size,Standard Size,Color,Pink,,
,,,,,,,,,,,,,Adjustable / Pink,PV_MZ1172200611SE_adjustable_pink,670.0,,100,TRUE,https://content.public.markaz.app/markazimagevideo/public/products/1172-223-677816-product-1.webp,,,,,Size,Adjustable,Color,Pink,,
,,,,,,,,,,,,,Free Size / Brown,PV_MZ2073200027BBNDMDNO_standard_brown,550.0,,95,TRUE,https://content.public.markaz.app/markazimagevideo/public/products/2073-223-686336-product-1.webp,,,,,Size,Free Size,Color,Brown,,
,,,,,,,,,,,,,Standard / Pink,PV_MZ1518200765BGSE_standard_pink,627.0,,91,TRUE,https://content.public.markaz.app/markazimagevideo/public/products/1518-223-681207-product-1.webp,,,,,Color,Pink,Size,Standard,,
,,,,,,,,,,,,,Free Size / Pink,PV_MZ2073200029BBNDMDNO_standard_pink,990.0,,100,TRUE,"https://content.public.markaz.app/markazimagevideo/public/thumbnails/products/2073-223-686338-product-3.webp,https://content.public.markaz.app/markazimagevideo/public/products/2073-223-686338-product-2.webp,https://content.public.markaz.app/markazimagevideo/public/thumbnails/products/2073-223-686338-product-2.webp,https://content.public.markaz.app/markazimagevideo/public/thumbnails/products/2073-223-686338-product-4.webp,https://content.public.markaz.app/markazimagevideo/public/thumbnails/products/2073-223-686338-product-6.webp,https://content.public.markaz.app/markazimagevideo/public/thumbnails/products/2073-223-686338-product-5.webp",,,,,Size,Free Size,Color,Pink,,
,,,,,,,,,,,,,Adjustable / Pink,PV_MZ1701201061ALHAGS_adjustable_pink,990.0,,100,TRUE,https://content.public.markaz.app/markazimagevideo/public/products/1701-223-681823-product-2.webp,,,,,Size,Adjustable,Color,Pink,,
7 Pcs Easy,7-pcs-easy,,"Experience comfort and convenience with this 7 piece therapy machine, designed for easy use and maintenance. Perfectly portable for on-the-go wellness and self-care, it includes therapy patches, wires, and cells to support various health needs. Enhance your lifestyle with this clinically-proven solution that fits seamlessly into your daily routine.",,Health Accessories,"Material: Plastic | | Number Of Pieces: 7 Pcs | | Product Feature: Easy To Use And Maintain, Portable For On-The-Go Use, Promotes Wellness And Self-Care | | Length: 10 inches |",,5.0,,,,,,,,,,,,,,,,,,,,,
,,,,,,,,,,,,,Standard Size / White,PV_MZ1177200004CYCS_standard-size_white,3230.0,,100,TRUE,https://content.public.markaz.app/markazimagevideo/public/products/1177-223-544579-product-1.jpg,,,,,Size,Standard Size,Color,White,,
Tummy Twister,tummy-twister,,Number Of Pieces: 1 Pc,,Health Accessories,Material: Silicone | | Number Of Pieces: 1 Pc |,,5.0,,,,,,,,,,,,,,,,,,,,,
,,,,,,,,,,,,,Free Size / Purple,PV_MZ1701200688ALHAGS_standard_purple,1190.0,,220,TRUE,"https://content.public.markaz.app/markazimagevideo/public/thumbnails/products/1701-223-653802-product-2.webp,https://content.public.markaz.app/markazimagevideo/public/thumbnails/products/1701-223-653802-product-1.webp,https://content.public.markaz.app/markazimagevideo/public/thumbnails/products/1701-223-653802-product-3.webp,https://content.public.markaz.app/markazimagevideo/public/thumbnails/products/1701-223-653802-product-5.webp,https://content.public.markaz.app/markazimagevideo/public/products/1701-223-653802-product-1.webp,https://content.public.markaz.app/markazimagevideo/public/thumbnails/products/1701-223-653802-product-4.webp",,,,,Size,Free Size,Color,Purple,,
,,,,,,,,,,,,,Standard / Purple,PV_MZ1701200862ALHAGS_standard_purple,1060.0,,120,TRUE,"https://content.public.markaz.app/markazimagevideo/public/products/1701-223-670310-product-1.webp,https://content.public.markaz.app/markazimagevideo/public/thumbnails/products/1701-223-670310-product-2.webp,https://content.public.markaz.app/markazimagevideo/public/thumbnails/products/1701-223-670310-product-3.webp,https://content.public.markaz.app/markazimagevideo/public/thumbnails/products/1701-223-670310-product-1.webp,https://content.public.markaz.app/markazimagevideo/public/thumbnails/products/1701-223-670310-product-5.webp,https://content.public.markaz.app/markazimagevideo/public/thumbnails/products/1701-223-670310-product-4.webp",,,,,Color,Purple,Size,Standard,,
,,,,,,,,,,,,,Standard Size / Purple,PV_MZ1701200731ALHAGS_standard-size_purple,1060.0,,120,TRUE,https://content.public.markaz.app/markazimagevideo/public/products/1701-223-662598-product-1.webp,,,,,Size,Standard Size,Color,Purple,,
,,,,,,,,,,,,,Standard / Multicolor,PV_MZ1899200042AAOETR_standard_standard,1059.0,,100,TRUE,"https://content.public.markaz.app/markazimagevideo/public/thumbnails/products/1899-223-671996-product-2.webp,https://content.public.markaz.app/markazimagevideo/public/thumbnails/products/1899-223-671996-product-4.webp,https://content.public.markaz.app/markazimagevideo/public/thumbnails/products/1899-223-671996-product-1-withcode.webp,https://content.public.markaz.app/markazimagevideo/public/thumbnails/products/1899-223-671996-product-3.webp,https://content.public.markaz.app/markazimagevideo/public/thumbnails/products/1899-223-671996-product-5.webp,https://content.public.markaz.app/markazimagevideo/public/products/1899-223-671996-product-1.webp,https://content.public.markaz.app/markazimagevideo/public/thumbnails/products/1899-223-671996-product-1.webp",,,,,Color,Multicolor,Size,Standard,,
,,,,,,,,,,,,,Free Size / Purple,PV_MZ1701200207ALHAGS_standard_purple,1309.0,,98,TRUE,"https://content.public.markaz.app/markazimagevideo/public/thumbnails/products/1701-223-619095-product-3.jpg,https://content.public.markaz.app/markazimagevideo/public/thumbnails/products/1701-223-619095-product-2.jpg,https://content.public.markaz.app/markazimagevideo/public/thumbnails/products/1701-223-619095-product-1.jpg,https://content.public.markaz.app/markazimagevideo/public/products/1701-223-619095-product-1.jpg,https://content.public.markaz.app/markazimagevideo/public/thumbnails/products/1701-223-619095-product-1-withcode.jpg,https://content.public.markaz.app/markazimagevideo/public/thumbnails/products/1701-223-619095-product-4.jpg,https://content.public.markaz.app/markazimagevideo/public/thumbnails/products/1701-223-619095-product-5.jpg",,,,,Size,Free Size,Color,Purple,,
,,,,,,,,,,,,,Standard / Black,PV_MZ594200006OEKI_standard_black,1145.0,,100,TRUE,https://content.public.markaz.app/markazimagevideo/public/products/594-223-431538-product-1.jpg,,,,,Color,Black,Size,Standard,,
Nebulizer,nebulizer,,Number Of Pieces: 4 Pcs,,Health Accessories,Material: ABS Plastic | | Number Of Pieces: 4 Pcs |,,5.0,,,,,,,,,,,,,,,,,,,,,
,,,,,,,,,,,,,Standard Size / White,PV_MZ1701201207ALHAGS_standard-size_white,1609.0,,100,TRUE,"https://content.public.markaz.app/markazimagevideo/public/thumbnails/products/1701-223-686350-product-6.webp,https://content.public.markaz.app/markazimagevideo/public/thumbnails/products/1701-223-686350-product-2.webp,https://content.public.markaz.app/markazimagevideo/public/products/1701-223-686350-product-2.webp,https://content.public.markaz.app/markazimagevideo/public/thumbnails/products/1701-223-686350-product-4.webp,https://content.public.markaz.app/markazimagevideo/public/thumbnails/products/1701-223-686350-product-5.webp,https://content.public.markaz.app/markazimagevideo/public/thumbnails/products/1701-223-686350-product-3.webp",,,,,Size,Standard Size,Color,White,,
,,,,,,,,,,,,,Standard / Blue,PV_MZ1899200152AAOETR_standard_blue,2409.0,,100,TRUE,"https://content.public.markaz.app/markazimagevideo/public/thumbnails/products/1899-223-682517-product-5.webp,https://content.public.markaz.app/markazimagevideo/public/thumbnails/products/1899-223-682517-product-6.webp,https://content.public.markaz.app/markazimagevideo/public/thumbnails/products/1899-223-682517-product-8.webp,https://content.public.markaz.app/markazimagevideo/public/thumbnails/products/1899-223-682517-product-1.webp,https://content.public.markaz.app/markazimagevideo/public/thumbnails/products/1899-223-682517-product-9.webp,https://content.public.markaz.app/markazimagevideo/public/thumbnails/products/1899-223-682517-product-2.webp,https://content.public.markaz.app/markazimagevideo/public/products/1899-223-682517-product-1.webp,https://content.public.markaz.app/markazimagevideo/public/thumbnails/products/1899-223-682517-product-3.webp,https://content.public.markaz.app/markazimagevideo/public/thumbnails/products/1899-223-682517-product-7.webp,https://content.public.markaz.app/markazimagevideo/public/thumbnails/products/1899-223-682517-product-4.webp",,,,,Color,Blue,Size,Standard,,
,,,,,,,,,,,,,Standard Size / White,PV_MZ1701201052ALHAGS_standard-size_white,2460.0,,100,TRUE,"https://content.public.markaz.app/markazimagevideo/public/thumbnails/products/1701-223-681734-product-5.webp,https://content.public.markaz.app/markazimagevideo/public/thumbnails/products/1701-223-681734-product-4.webp,https://content.public.markaz.app/markazimagevideo/public/thumbnails/products/1701-223-681734-product-2.webp,https://content.public.markaz.app/markazimagevideo/public/thumbnails/products/1701-223-681734-product-6.webp,https://content.public.markaz.app/markazimagevideo/public/products/1701-223-681734-product-2.webp,https://content.public.markaz.app/markazimagevideo/public/thumbnails/products/1701-223-681734-product-3.webp",,,,,Size,Standard Size,Color,White,,
,,,,,,,,,,,,,Standard Size / White,PV_MZ94300001240PMGTIM_standard-size_white,2060.0,,100,TRUE,"https://content.public.markaz.app/markazimagevideo/public/thumbnails/products/943-223-682265-product-6.webp,https://content.public.markaz.app/markazimagevideo/public/thumbnails/products/943-223-682265-product-3.webp,https://content.public.markaz.app/markazimagevideo/public/thumbnails/products/943-223-682265-product-4.webp,https://content.public.markaz.app/markazimagevideo/public/thumbnails/products/943-223-682265-product-5.webp,https://content.public.markaz.app/markazimagevideo/public/products/943-223-682265-product-2.webp,https://content.public.markaz.app/markazimagevideo/public/thumbnails/products/943-223-682265-product-2.webp",,,,,Size,Standard Size,Color,White,,
,,,,,,,,,,,,,Standard Size / Multicolor,PV_MZ1177200078CYCS_standard-size_standard,1499.0,,100,TRUE,https://content.public.markaz.app/markazimagevideo/public/products/1177-223-688226-product-1.webp,,,,,Size,Standard Size,Color,Multicolor,,
,,,,,,,,,,,,,Standard / Blue,PV_MZ94300001282PMGTIM_standard_blue,1559.0,,100,TRUE,"https://content.public.markaz.app/markazimagevideo/public/thumbnails/products/943-223-686561-product-1-withcode.webp,https://content.public.markaz.app/markazimagevideo/public/thumbnails/products/943-223-686561-product-5.webp,https://content.public.markaz.app/markazimagevideo/public/thumbnails/products/943-223-686561-product-7.webp,https://content.public.markaz.app/markazimagevideo/public/thumbnails/products/943-223-686561-product-8.webp,https://content.public.markaz.app/markazimagevideo/public/thumbnails/products/943-223-686561-product-6.webp,https://content.public.markaz.app/markazimagevideo/public/thumbnails/products/943-223-686561-product-1.webp,https://content.public.markaz.app/markazimagevideo/public/products/943-223-686561-product-1.webp,https://content.public.markaz.app/markazimagevideo/public/thumbnails/products/943-223-686561-product-3.webp,https://content.public.markaz.app/markazimagevideo/public/thumbnails/products/943-223-686561-product-4.webp",,,,,Color,Blue,Size,Standard,,
,,,,,,,,,,,,,Standard / White,PV_MZ1172200667SE_standard_white,2060.0,,100,TRUE,"https://content.public.markaz.app/markazimagevideo/public/thumbnails/products/1172-223-682263-product-2.webp,https://content.public.markaz.app/markazimagevideo/public/thumbnails/products/1172-223-682263-product-3.webp,https://content.public.markaz.app/markazimagevideo/public/thumbnails/products/1172-223-682263-product-6.webp,https://content.public.markaz.app/markazimagevideo/public/thumbnails/products/1172-223-682263-product-4.webp,https://content.public.markaz.app/markazimagevideo/public/products/1172-223-682263-product-2.webp,https://content.public.markaz.app/markazimagevideo/public/thumbnails/products/1172-223-682263-product-5.webp",,,,,Color,White,Size,Standard,,
,,,,,,,,,,,,,Standard / Blue,PV_MZ94300001223PMGTIM_standard_blue,2310.0,,100,TRUE,"https://content.public.markaz.app/markazimagevideo/public/thumbnails/products/943-223-682030-product-3.webp,https://content.public.markaz.app/markazimagevideo/public/thumbnails/products/943-223-682030-product-6.webp,https://content.public.markaz.app/markazimagevideo/public/thumbnails/products/943-223-682030-product-9.webp,https://content.public.markaz.app/markazimagevideo/public/thumbnails/products/943-223-682030-product-2.webp,https://content.public.markaz.app/markazimagevideo/public/thumbnails/products/943-223-682030-product-4.webp,https://content.public.markaz.app/markazimagevideo/public/thumbnails/products/943-223-682030-product-7.webp,https://content.public.markaz.app/markazimagevideo/public/products/943-223-682030-product-2.webp,https://content.public.markaz.app/markazimagevideo/public/thumbnails/products/943-223-682030-product-5.webp,https://content.public.markaz.app/markazimagevideo/public/thumbnails/products/943-223-682030-product-8.webp",,,,,Color,Blue,Size,Standard,,
,,,,,,,,,,,,,Standard / Blue,PV_MZ1172200658SE_standard_blue,2510.0,,100,TRUE,"https://content.public.markaz.app/markazimagevideo/public/thumbnails/products/1172-223-681224-product-4.webp,https://content.public.markaz.app/markazimagevideo/public/thumbnails/products/1172-223-681224-product-2.webp,https://content.public.markaz.app/markazimagevideo/public/thumbnails/products/1172-223-681224-product-5.webp,https://content.public.markaz.app/markazimagevideo/public/thumbnails/products/1172-223-681224-product-6.webp,https://content.public.markaz.app/markazimagevideo/public/products/1172-223-681224-product-2.webp,https://content.public.markaz.app/markazimagevideo/public/thumbnails/products/1172-223-681224-product-7.webp,https://content.public.markaz.app/markazimagevideo/public/thumbnails/products/1172-223-681224-product-8.webp,https://content.public.markaz.app/markazimagevideo/public/thumbnails/products/1172-223-681224-product-3.webp",,,,,Color,Blue,Size,Standard,,
,,,,,,,,,,,,,Standard / White,PV_MZ94300001386PMGTIM_standard_white,1510.0,,100,TRUE,"https://content.public.markaz.app/markazimagevideo/public/thumbnails/products/943-223-687575-product-1.webp,https://content.public.markaz.app/markazimagevideo/public/thumbnails/products/943-223-687575-product-2.webp,https://content.public.markaz.app/markazimagevideo/public/thumbnails/products/943-223-687575-product-6.webp,https://content.public.markaz.app/markazimagevideo/public/thumbnails/products/943-223-687575-product-5.webp,https://content.public.markaz.app/markazimagevideo/public/thumbnails/products/943-223-687575-product-3.webp,https://content.public.markaz.app/markazimagevideo/public/thumbnails/products/943-223-687575-product-4.webp,https://content.public.markaz.app/markazimagevideo/public/products/943-223-687575-product-1.webp",,,,,Color,White,Size,Standard,,
,,,,,,,,,,,,,Free Size / White,PV_MZ67400000333CYCH_standard_white,1959.0,,100,TRUE,"https://content.public.markaz.app/markazimagevideo/public/thumbnails/products/674-223-687990-product-6.webp,https://content.public.markaz.app/markazimagevideo/public/thumbnails/products/674-223-687990-product-10.webp,https://content.public.markaz.app/markazimagevideo/public/thumbnails/products/674-223-687990-product-9.webp,https://content.public.markaz.app/markazimagevideo/public/thumbnails/products/674-223-687990-product-4.webp,https://content.public.markaz.app/markazimagevideo/public/thumbnails/products/674-223-687990-product-1.webp,https://content.public.markaz.app/markazimagevideo/public/thumbnails/products/674-223-687990-product-7.webp,https://content.public.markaz.app/markazimagevideo/public/products/674-223-687990-product-1.webp,https://content.public.markaz.app/markazimagevideo/public/thumbnails/products/674-223-687990-product-5.webp,https://content.public.markaz.app/markazimagevideo/public/thumbnails/products/674-223-687990-product-3.webp,https://content.public.markaz.app/markazimagevideo/public/thumbnails/products/674-223-687990-product-8.webp",,,,,Size,Free Size,Color,White,,
,,,,,,,,,,,,,Standard / Blue,PV_MZ2060200023AASE_standard_blue,1560.0,,100,TRUE,"https://content.public.markaz.app/markazimagevideo/public/thumbnails/products/2060-223-686567-product-7.webp,https://content.public.markaz.app/markazimagevideo/public/thumbnails/products/2060-223-686567-product-2.webp,https://content.public.markaz.app/markazimagevideo/public/products/2060-223-686567-product-2.webp,https://content.public.markaz.app/markazimagevideo/public/thumbnails/products/2060-223-686567-product-6.webp,https://content.public.markaz.app/markazimagevideo/public/thumbnails/products/2060-223-686567-product-2-withcode.webp,https://content.public.markaz.app/markazimagevideo/public/thumbnails/products/2060-223-686567-product-3.webp,https://content.public.markaz.app/markazimagevideo/public/thumbnails/products/2060-223-686567-product-5.webp,https://content.public.markaz.app/markazimagevideo/public/thumbnails/products/2060-223-686567-product-8.webp,https://content.public.markaz.app/markazimagevideo/public/thumbnails/products/2060-223-686567-product-9.webp,https://content.public.markaz.app/markazimagevideo/public/thumbnails/products/2060-223-686567-product-4.webp",,,,,Color,Blue,Size,Standard,,
,,,,,,,,,,,,,Standard / White,PV_MZ94300001348PMGTIM_standard_white,1510.0,,100,TRUE,"https://content.public.markaz.app/markazimagevideo/public/thumbnails/products/943-223-687251-product-4.webp,https://content.public.markaz.app/markazimagevideo/public/thumbnails/products/943-223-687251-product-5.webp,https://content.public.markaz.app/markazimagevideo/public/thumbnails/products/943-223-687251-product-3.webp,https://content.public.markaz.app/markazimagevideo/public/thumbnails/products/943-223-687251-product-2.webp,https://content.public.markaz.app/markazimagevideo/public/products/943-223-687251-product-1.webp,https://content.public.markaz.app/markazimagevideo/public/thumbnails/products/943-223-687251-product-6.webp,https://content.public.markaz.app/markazimagevideo/public/thumbnails/products/943-223-687251-product-1.webp",,,,,Color,White,Size,Standard,,
,,,,,,,,,,,,,Standard / Blue,PV_MZ1518200811BGSE_standard_blue,1509.0,,100,TRUE,"https://content.public.markaz.app/markazimagevideo/public/thumbnails/products/1518-223-687216-product-2-withcode.webp,https://content.public.markaz.app/markazimagevideo/public/thumbnails/products/1518-223-687216-product-6.webp,https://content.public.markaz.app/markazimagevideo/public/thumbnails/products/1518-223-687216-product-2.webp,https://content.public.markaz.app/markazimagevideo/public/products/1518-223-687216-product-2.webp,https://content.public.markaz.app/markazimagevideo/public/thumbnails/products/1518-223-687216-product-9.webp,https://content.public.markaz.app/markazimagevideo/public/thumbnails/products/1518-223-687216-product-3.webp,https://content.public.markaz.app/markazimagevideo/public/thumbnails/products/1518-223-687216-product-4.webp,https://content.public.markaz.app/markazimagevideo/public/thumbnails/products/1518-223-687216-product-7.webp,https://content.public.markaz.app/markazimagevideo/public/thumbnails/products/1518-223-687216-product-8.webp,https://content.public.markaz.app/markazimagevideo/public/thumbnails/products/1518-223-687216-product-5.webp",,,,,Color,Blue,Size,Standard,,
,,,,,,,,,,,,,Standard Size / White,PV_MZ2073200060BBNDMDNO_standard-size_white,1809.0,,100,TRUE,https://content.public.markaz.app/markazimagevideo/public/products/2073-223-687693-product-2.webp,,,,,Size,Standard Size,Color,White,,
,,,,,,,,,,,,,Free Size / White,PV_MZ1701201282ALHAGS_standard_white,1760.0,,100,TRUE,https://content.public.markaz.app/markazimagevideo/public/products/1701-223-691524-product-1.webp,,,,,Size,Free Size,Color,White,,
,,,,,,,,,,,,,Free Size / Multicolor,PV_MZ1172200661SE_standard_standard,2460.0,,100,TRUE,"https://content.public.markaz.app/markazimagevideo/public/products/1172-223-682089-product-2.webp,https://content.public.markaz.app/markazimagevideo/public/thumbnails/products/1172-223-682089-product-2.webp,https://content.public.markaz.app/markazimagevideo/public/thumbnails/products/1172-223-682089-product-3.webp,https://content.public.markaz.app/markazimagevideo/public/thumbnails/products/1172-223-682089-product-4.webp,https://content.public.markaz.app/markazimagevideo/public/thumbnails/products/1172-223-682089-product-6.webp,https://content.public.markaz.app/markazimagevideo/public/thumbnails/products/1172-223-682089-product-5.webp",,,,,Size,Free Size,Color,Multicolor,,
,,,,,,,,,,,,,Standard / Blue,PV_MZ94300001222PMGTIM_standard_blue,2510.0,,100,TRUE,"https://content.public.markaz.app/markazimagevideo/public/thumbnails/products/943-223-681222-product-3.webp,https://content.public.markaz.app/markazimagevideo/public/thumbnails/products/943-223-681222-product-6.webp,https://content.public.markaz.app/markazimagevideo/public/thumbnails/products/943-223-681222-product-2.webp,https://content.public.markaz.app/markazimagevideo/public/thumbnails/products/943-223-681222-product-5.webp,https://content.public.markaz.app/markazimagevideo/public/thumbnails/products/943-223-681222-product-4.webp,https://content.public.markaz.app/markazimagevideo/public/products/943-223-681222-product-2.webp,https://content.public.markaz.app/markazimagevideo/public/thumbnails/products/943-223-681222-product-7.webp",,,,,Color,Blue,Size,Standard,,
,,,,,,,,,,,,,Standard / White,PV_MZ1518200778BGSE_standard_white,2060.0,,100,TRUE,"https://content.public.markaz.app/markazimagevideo/public/thumbnails/products/1518-223-682262-product-3.webp,https://content.public.markaz.app/markazimagevideo/public/thumbnails/products/1518-223-682262-product-5.webp,https://content.public.markaz.app/markazimagevideo/public/products/1518-223-682262-product-2.webp,https://content.public.markaz.app/markazimagevideo/public/thumbnails/products/1518-223-682262-product-4.webp,https://content.public.markaz.app/markazimagevideo/public/thumbnails/products/1518-223-682262-product-7.webp,https://content.public.markaz.app/markazimagevideo/public/thumbnails/products/1518-223-682262-product-2.webp,https://content.public.markaz.app/markazimagevideo/public/thumbnails/products/1518-223-682262-product-6.webp",,,,,Color,White,Size,Standard,,
,,,,,,,,,,,,,Standard / Blue,PV_MZ1899200168AAOETR_standard_blue,1560.0,,100,TRUE,"https://content.public.markaz.app/markazimagevideo/public/thumbnails/products/1899-223-686704-product-3.webp,https://content.public.markaz.app/markazimagevideo/public/thumbnails/products/1899-223-686704-product-9.webp,https://content.public.markaz.app/markazimagevideo/public/thumbnails/products/1899-223-686704-product-2-withcode.webp,https://content.public.markaz.app/markazimagevideo/public/thumbnails/products/1899-223-686704-product-5.webp,https://content.public.markaz.app/markazimagevideo/public/thumbnails/products/1899-223-686704-product-6.webp,https://content.public.markaz.app/markazimagevideo/public/thumbnails/products/1899-223-686704-product-4.webp,https://content.public.markaz.app/markazimagevideo/public/thumbnails/products/1899-223-686704-product-7.webp,https://content.public.markaz.app/markazimagevideo/public/thumbnails/products/1899-223-686704-product-2.webp,https://content.public.markaz.app/markazimagevideo/public/thumbnails/products/1899-223-686704-product-8.webp,https://content.public.markaz.app/markazimagevideo/public/products/1899-223-686704-product-2.webp",,,,,Color,Blue,Size,Standard,,
,,,,,,,,,,,,,Standard / Blue,PV_MZ94300001303PMGTIM_standard_blue,1510.0,,100,TRUE,"https://content.public.markaz.app/markazimagevideo/public/thumbnails/products/943-223-686759-product-3.webp,https://content.public.markaz.app/markazimagevideo/public/thumbnails/products/943-223-686759-product-5.webp,https://content.public.markaz.app/markazimagevideo/public/thumbnails/products/943-223-686759-product-9.webp,https://content.public.markaz.app/markazimagevideo/public/products/943-223-686759-product-2.webp,https://content.public.markaz.app/markazimagevideo/public/thumbnails/products/943-223-686759-product-2.webp,https://content.public.markaz.app/markazimagevideo/public/thumbnails/products/943-223-686759-product-4.webp,https://content.public.markaz.app/markazimagevideo/public/thumbnails/products/943-223-686759-product-8.webp,https://content.public.markaz.app/markazimagevideo/public/thumbnails/products/943-223-686759-product-2-withcode.webp,https://content.public.markaz.app/markazimagevideo/public/thumbnails/products/943-223-686759-product-7.webp,https://content.public.markaz.app/markazimagevideo/public/thumbnails/products/943-223-686759-product-6.webp",,,,,Color,Blue,Size,Standard,,
,,,,,,,,,,,,,Standard / Blue,PV_MZ94300001241PMGTIM_standard_blue,1609.0,,100,TRUE,"https://content.public.markaz.app/markazimagevideo/public/thumbnails/products/943-223-685905-product-4.webp,https://content.public.markaz.app/markazimagevideo/public/products/943-223-685905-product-1.webp,https://content.public.markaz.app/markazimagevideo/public/thumbnails/products/943-223-685905-product-5.webp,https://content.public.markaz.app/markazimagevideo/public/thumbnails/products/943-223-685905-product-1.webp,https://content.public.markaz.app/markazimagevideo/public/thumbnails/products/943-223-685905-product-6.webp,https://content.public.markaz.app/markazimagevideo/public/thumbnails/products/943-223-685905-product-1-withcode.webp,https://content.public.markaz.app/markazimagevideo/public/thumbnails/products/943-223-685905-product-2.webp,https://content.public.markaz.app/markazimagevideo/public/thumbnails/products/943-223-685905-product-3.webp",,,,,Color,Blue,Size,Standard,,
,,,,,,,,,,,,,Standard Size / White,PV_MZ1701201040ALHAGS_standard-size_white,2859.0,,120,TRUE,"https://content.public.markaz.app/markazimagevideo/public/thumbnails/products/1701-223-681104-product-3.webp,https://content.public.markaz.app/markazimagevideo/public/thumbnails/products/1701-223-681104-product-4.webp,https://content.public.markaz.app/markazimagevideo/public/thumbnails/products/1701-223-681104-product-2.webp,https://content.public.markaz.app/markazimagevideo/public/products/1701-223-681104-product-2.webp,https://content.public.markaz.app/markazimagevideo/public/thumbnails/products/1701-223-681104-product-5.webp,https://content.public.markaz.app/markazimagevideo/public/thumbnails/products/1701-223-681104-product-6.webp",,,,,Size,Standard Size,Color,White,,
Easy To Use And Maintain Nebulizer,easy-to-use-and-maintain-nebulizer,,"Description Portable Mesh Nebulizer – Fine atomized particles for better respiratory absorption, quiet and portable design, dual power supply options, and effective atomization for respiratory treatment.  About This Item:  Fine Atomized Particles: Provides enhanced absorption for effective respiratory treatment. Dual Power Supply: Operates with batteries or USB for added convenience. Quiet and Por",,Health Accessories,Material: Plastic | | Number Of Pieces: 1 Pc | | Product Feature: Easy To Use And Maintain | | Length: 5.5 mm | | Width: 2.4 Cm | | Height: 12 Inches | | Capacity: 0.5 Ml |,,5.0,,,,,,,,,,,,,,,,,,,,,
,,,,,,,,,,,,,Small / Blue,PV_MZ2071200002MACC_small_blue,1809.0,,29,TRUE,https://content.public.markaz.app/markazimagevideo/public/products/2071-223-687082-product-1.webp,,12,2.4,,Size,Small,Color,Blue,,
Durable Tummy Twister,durable-tummy-twister,,"Transform your fitness routine with our durable Tummy Twister, designed for easy use and maintenance. This reliable plastic tool enhances your workout sessions, promoting flexibility and core strength. Perfect for home or gym use, elevate your exercise experience with convenience and efficiency. Get your 1 Pc Tummy Twister today and step up your fitness game!",,Health Accessories,"Material: Plastic | | Number Of Pieces: 1 Pc | | Product Feature: Durable And Reliable Materials, Easy To Use And Maintain | | Length: 20 Inches |",,5.0,,,,,,,,,,,,,,,,,,,,,
,,,,,,,,,,,,,Standard Size / Black,PV_MZ1177200003CYCS_standard-size_black,1670.0,,100,TRUE,https://content.public.markaz.app/markazimagevideo/public/products/1177-223-544578-product-1.jpg,,,,,Size,Standard Size,Color,Black,,
,,,,,,,,,,,,,Standard Size / Black,PV_MZ1177200002CYCS_standard-size_black,1609.0,,100,TRUE,https://content.public.markaz.app/markazimagevideo/public/products/1177-223-544577-product-1.jpg,,,,,Size,Standard Size,Color,Black,,
"High Quality Portable Mesh NebulizerMachine for Kids &Adults | Silent Electric& Cell Operated Inhaler for Asthma, Cough &Cold Relief",high-quality-portable-mesh-nebulizermachine-for-kids-adults-silent-electric-cell-operated-inhaler-fo,,"Experience quick and effective relief from respiratory discomfort with this Mesh Portable Nebulizer, designed for easy use anywhere—at home or while traveling. This compact nebulizer efficiently converts medication into a fine mist for deep lung absorption, providing fast and reliable results for asthma, allergies, and other respiratory issues.  Unlike traditional nebulizers, this model operates e",,Health Accessories,"Material: ABS Plastic | | Number Of Pieces: 5 Pcs | | Product Feature: Affordable And Accessible Solutions, Breathable And Hypoallergenic Materials For Sensitive Skin, Clinically-Proven Effectiveness For Specific Health Concerns, Compact And Lightweight For Travel Or Storage, Easy To Use And Maintain | | Length: 7 Inches | | Width: 8 Inches | | Height: 2 Inches | | Portable & Compact Design: Lightweight and easy to carry, ideal for travel and home use. | | Advanced Mesh Technology: Converts liquid medication into fine mist for better lung absorption and faster relief. | | Dual Power Options: Operates with batteries or directly via USB—no recharging required. | | Silent Operation: Ultra-quiet performance ensures comfort during nighttime or when treating kids. | | Easy One-Button Control: Simple operation suitable for all age groups, including children and elderly users. | | Adjustable Mist Levels: Choose mist intensity according to your comfort and treatment needs. | | Complete Set: Comes with both adult and child masks, plus a mouthpiece for versatile use. | | Durable & Hygienic Design: Made with skin-safe, high-quality materials that are easy to clean and maintain. | | Budget-Friendly Solution: High performance at an affordable price for reliable respiratory care. |",,5.0,,,,,,,,,,,,,,,,,,,,,
,,,,,,,,,,,,,Standard / Multicolor,PV_MZ1787200053ZZJJTS_standard_standard,1959.0,,10,TRUE,"https://content.public.markaz.app/markazimagevideo/public/thumbnails/products/1787-223-682470-product-7.webp,https://content.public.markaz.app/markazimagevideo/public/thumbnails/products/1787-223-682470-product-10.webp,https://content.public.markaz.app/markazimagevideo/public/products/1787-223-682470-product-1.webp,https://content.public.markaz.app/markazimagevideo/public/thumbnails/products/1787-223-682470-product-4.webp,https://content.public.markaz.app/markazimagevideo/public/thumbnails/products/1787-223-682470-product-3.webp,https://content.public.markaz.app/markazimagevideo/public/thumbnails/products/1787-223-682470-product-2.webp,https://content.public.markaz.app/markazimagevideo/public/thumbnails/products/1787-223-682470-product-1.webp,https://content.public.markaz.app/markazimagevideo/public/thumbnails/products/1787-223-682470-product-6.webp,https://content.public.markaz.app/markazimagevideo/public/thumbnails/products/1787-223-682470-product-5.webp,https://content.public.markaz.app/markazimagevideo/public/thumbnails/products/1787-223-682470-product-8.webp",,2,8,,Color,Multicolor,Size,Standard,,
Hot,hot,,Number Of Pieces: 1 Pc,,Health Accessories,Material: Gel | | Number Of Pieces: 1 Pc |,,5.0,,,,,,,,,,,,,,,,,,,,,
,,,,,,,,,,,,,Standard / Multicolor,PV_MZ1338200100EEWD_standard_standard,760.0,,1,TRUE,https://content.public.markaz.app/markazimagevideo/public/products/1338-223-666825-product-1.webp,,,,,Color,Multicolor,Size,Standard,,
Posture Corrector Belt,posture-corrector-belt,,Adjustable Settings To Accommodate Individual Preferences Closure Type Is Magnetic Lightweight Number Of Pieces: 1 Pc,,Health Accessories,Material: ABS | | Adjustable Settings To Accommodate Individual Preferences | | Closure Type Is Magnetic | | Lightweight | | Number Of Pieces: 1 Pc |,,5.0,,,,,,,,,,,,,,,,,,,,,
,,,,,,,,,,,,,Standard / Black,PV_MZ94320066PMGTIM_standard_black,1300.0,,100,TRUE,https://content.public.markaz.app/markazimagevideo/public/products/943-223-424559-product-1.jpg,,,,,Color,Black,Size,Standard,,
,,,,,,,,,,,,,Adjustable / Black,PV_MZ1701200896ALHAGS_adjustable_black,1510.0,,99,TRUE,https://content.public.markaz.app/markazimagevideo/public/products/1701-223-673748-product-1.webp,,,,,Size,Adjustable,Color,Black,,
,,,,,,,,,,,,,Adjustable / Black,PV_MZ1701200895ALHAGS_adjustable_black,1510.0,,99,TRUE,https://content.public.markaz.app/markazimagevideo/public/products/1701-223-673747-product-1.webp,,,,,Size,Adjustable,Color,Black,,
,,,,,,,,,,,,,Standard Size / Black,PV_MZ2060200129AASE_standard-size_black,1060.0,,100,TRUE,https://content.public.markaz.app/markazimagevideo/public/products/2060-223-691073-product-1.webp,,,,,Size,Standard Size,Color,Black,,
,,,,,,,,,,,,,Adjustable / Black,PV_MZ2073200110BBNDMDNO_adjustable_black,1070.0,,100,TRUE,https://content.public.markaz.app/markazimagevideo/public/products/2073-223-698224-product-1.webp,,,,,Size,Adjustable,Color,Black,,
,,,,,,,,,,,,,Standard Size / Black,PV_MZ1172200721SE_standard-size_black,1060.0,,100,TRUE,https://content.public.markaz.app/markazimagevideo/public/products/1172-223-692863-product-1.webp,,,,,Size,Standard Size,Color,Black,,
,,,,,,,,,,,,,Standard Size / Black,PV_MZ1701201093ALHAGS_standard-size_black,1059.0,,98,TRUE,https://content.public.markaz.app/markazimagevideo/public/products/1701-223-682978-product-1.webp,,,,,Size,Standard Size,Color,Black,,
,,,,,,,,,,,,,Free Size / Multicolor,PV_MZ1172200558SE_standard_standard,1160.0,,100,TRUE,https://content.public.markaz.app/markazimagevideo/public/products/1172-223-676501-product-1.webp,,,,,Size,Free Size,Color,Multicolor,,
,,,,,,,,,,,,,Standard / Black,PV_MZ94300001272PMGTIM_standard_black,1010.0,,100,TRUE,"https://content.public.markaz.app/markazimagevideo/public/thumbnails/products/943-223-686334-product-2.webp,https://content.public.markaz.app/markazimagevideo/public/thumbnails/products/943-223-686334-product-1.webp,https://content.public.markaz.app/markazimagevideo/public/products/943-223-686334-product-1.webp,https://content.public.markaz.app/markazimagevideo/public/thumbnails/products/943-223-686334-product-1-withcode.webp,https://content.public.markaz.app/markazimagevideo/public/thumbnails/products/943-223-686334-product-4.webp,https://content.public.markaz.app/markazimagevideo/public/thumbnails/products/943-223-686334-product-3.webp",,,,,Color,Black,Size,Standard,,
,,,,,,,,,,,,,Standard Size / Black,PV_MZ1701200908ALHAGS_standard-size_black,1200.0,,218,TRUE,https://content.public.markaz.app/markazimagevideo/public/products/1701-223-674141-product-1.webp,,,,,Size,Standard Size,Color,Black,,
,,,,,,,,,,,,,Standard Size / Black,PV_MZ1701201221ALHAGS_standard-size_black,1200.0,,100,TRUE,https://content.public.markaz.app/markazimagevideo/public/products/1701-223-687514-product-1.webp,,,,,Size,Standard Size,Color,Black,,
,,,,,,,,,,,,,Standard / Black,PV_MZ1701201004ALHAGS_standard_black,1060.0,,63,TRUE,https://content.public.markaz.app/markazimagevideo/public/products/1701-223-679740-product-1.webp,,,,,Color,Black,Size,Standard,,
,,,,,,,,,,,,,Standard / Black,PV_MZ1518200824BGSE_standard_black,1109.0,,100,TRUE,"https://content.public.markaz.app/markazimagevideo/public/thumbnails/products/1518-223-687244-product-4.webp,https://content.public.markaz.app/markazimagevideo/public/thumbnails/products/1518-223-687244-product-2.webp,https://content.public.markaz.app/markazimagevideo/public/products/1518-223-687244-product-1.webp,https://content.public.markaz.app/markazimagevideo/public/thumbnails/products/1518-223-687244-product-1.webp,https://content.public.markaz.app/markazimagevideo/public/thumbnails/products/1518-223-687244-product-3.webp,https://content.public.markaz.app/markazimagevideo/public/thumbnails/products/1518-223-687244-product-1-withcode.webp",,,,,Color,Black,Size,Standard,,
Hand Gripper,hand-gripper,,Number Of Pieces: 1 Pc Product Feature: Easy To Use And Maintain,,Health Accessories,Material: ABS Plastic | | Number Of Pieces: 1 Pc | | Product Feature: Easy To Use And Maintain |,,5.0,,,,,,,,,,,,,,,,,,,,,
,,,,,,,,,,,,,Standard / Black,PV_MZ2060200139AASE_standard_black,1009.0,,100,TRUE,https://content.public.markaz.app/markazimagevideo/public/products/2060-223-692362-product-2.webp,,,,,Color,Black,Size,Standard,,
,,,,,,,,,,,,,Free Size / Multicolor,PV_MZ1472200080NETSWS_standard_standard,799.0,,10,TRUE,"https://content.public.markaz.app/markazimagevideo/public/thumbnails/products/1472-223-623947-product-4.jpg,https://content.public.markaz.app/markazimagevideo/public/thumbnails/products/1472-223-623947-product-3.jpg,https://content.public.markaz.app/markazimagevideo/public/products/1472-223-623947-product-1.webp,https://content.public.markaz.app/markazimagevideo/public/thumbnails/products/1472-223-623947-product-1.webp,https://content.public.markaz.app/markazimagevideo/public/thumbnails/products/1472-223-623947-product-2.webp,https://content.public.markaz.app/markazimagevideo/public/thumbnails/products/1472-223-623947-product-1-withcode.webp,https://content.public.markaz.app/markazimagevideo/public/thumbnails/products/1472-223-623947-product-5.webp",,,,,Size,Free Size,Color,Multicolor,,
,,,,,,,,,,,,,Standard / Black,PV_MZ1338200013EEWD_standard_black,1150.0,,997,TRUE,https://content.public.markaz.app/markazimagevideo/public/products/1338-223-458976-product-1.jpg,,,,,Color,Black,Size,Standard,,
,,,,,,,,,,,,,Standard Size / Black,PV_MZ1701201030ALHAGS_standard-size_black,1060.0,,98,TRUE,"https://content.public.markaz.app/markazimagevideo/public/products/1701-223-680695-product-2.webp,https://content.public.markaz.app/markazimagevideo/public/thumbnails/products/1701-223-680695-product-5.webp,https://content.public.markaz.app/markazimagevideo/public/thumbnails/products/1701-223-680695-product-3.webp,https://content.public.markaz.app/markazimagevideo/public/thumbnails/products/1701-223-680695-product-2.webp,https://content.public.markaz.app/markazimagevideo/public/thumbnails/products/1701-223-680695-product-6.webp,https://content.public.markaz.app/markazimagevideo/public/thumbnails/products/1701-223-680695-product-4.webp",,,,,Size,Standard Size,Color,Black,,
,,,,,,,,,,,,,Free Size / Multicolor,PV_MZ1172200655SE_standard_standard,1060.0,,100,TRUE,"https://content.public.markaz.app/markazimagevideo/public/thumbnails/products/1172-223-680968-product-5.webp,https://content.public.markaz.app/markazimagevideo/public/thumbnails/products/1172-223-680968-product-3.webp,https://content.public.markaz.app/markazimagevideo/public/thumbnails/products/1172-223-680968-product-4.webp,https://content.public.markaz.app/markazimagevideo/public/products/1172-223-680968-product-2.webp,https://content.public.markaz.app/markazimagevideo/public/thumbnails/products/1172-223-680968-product-2.webp,https://content.public.markaz.app/markazimagevideo/public/thumbnails/products/1172-223-680968-product-6.webp",,,,,Size,Free Size,Color,Multicolor,,
,,,,,,,,,,,,,Adjustable / Black,PV_MZ1701200402ALHAGS_adjustable_black,1059.0,,97,TRUE,"https://content.public.markaz.app/markazimagevideo/public/thumbnails/products/1701-223-628800-product-2-withcode.jpg,https://content.public.markaz.app/markazimagevideo/public/thumbnails/products/1701-223-628800-product-5.jpg,https://content.public.markaz.app/markazimagevideo/public/thumbnails/products/1701-223-628800-product-3.jpg,https://content.public.markaz.app/markazimagevideo/public/thumbnails/products/1701-223-628800-product-4.jpg,https://content.public.markaz.app/markazimagevideo/public/products/1701-223-628800-product-2.jpg,https://content.public.markaz.app/markazimagevideo/public/thumbnails/products/1701-223-628800-product-2.jpg",,,,,Size,Adjustable,Color,Black,,
Skin Tag Remover,skin-tag-remover,,Number Of Pieces: 40 Pcs Product Feature: Clinically-Proven Effectiveness For Specific Health Concerns,,Health Accessories,Material: Cloth | | Number Of Pieces: 40 Pcs | | Product Feature: Clinically-Proven Effectiveness For Specific Health Concerns |,,5.0,,,,,,,,,,,,,,,,,,,,,
,,,,,,,,,,,,,Standard Size / White,PV_MZ100400367LHLE_standard-size_white,672.0,,100,TRUE,"https://content.public.markaz.app/markazimagevideo/public/products/1004-223-673483-product-1.webp,https://content.public.markaz.app/markazimagevideo/public/thumbnails/products/1004-223-673483-product-4.webp,https://content.public.markaz.app/markazimagevideo/public/thumbnails/products/1004-223-673483-product-2.webp,https://content.public.markaz.app/markazimagevideo/public/thumbnails/products/1004-223-673483-product-3.webp,https://content.public.markaz.app/markazimagevideo/public/thumbnails/products/1004-223-673483-product-1.webp,https://content.public.markaz.app/markazimagevideo/public/thumbnails/products/1004-223-673483-product-5.webp",,,,,Size,Standard Size,Color,White,,
,,,,,,,,,,,,,Standard Size / White,PV_MZ1180200215HSTS_standard-size_white,633.0,,100,TRUE,"https://content.public.markaz.app/markazimagevideo/public/thumbnails/products/1180-223-673574-product-5.webp,https://content.public.markaz.app/markazimagevideo/public/thumbnails/products/1180-223-673574-product-4.webp,https://content.public.markaz.app/markazimagevideo/public/thumbnails/products/1180-223-673574-product-2.webp,https://content.public.markaz.app/markazimagevideo/public/thumbnails/products/1180-223-673574-product-3.webp,https://content.public.markaz.app/markazimagevideo/public/products/1180-223-673574-product-1.webp,https://content.public.markaz.app/markazimagevideo/public/thumbnails/products/1180-223-673574-product-1.webp",,,,,Size,Standard Size,Color,White,,
,,,,,,,,,,,,,Standard Size / White,PV_MZ608200148SHBS_standard-size_white,599.0,,100,TRUE,"https://content.public.markaz.app/markazimagevideo/public/thumbnails/products/608-223-673543-product-1.webp,https://content.public.markaz.app/markazimagevideo/public/thumbnails/products/608-223-673543-product-5.webp,https://content.public.markaz.app/markazimagevideo/public/products/608-223-673543-product-1.webp,https://content.public.markaz.app/markazimagevideo/public/thumbnails/products/608-223-673543-product-4.webp,https://content.public.markaz.app/markazimagevideo/public/thumbnails/products/608-223-673543-product-2.webp,https://content.public.markaz.app/markazimagevideo/public/thumbnails/products/608-223-673543-product-3.webp",,,,,Size,Standard Size,Color,White,,
,,,,,,,,,,,,,Standard Size / White,PV_MZ1209200086PEBY_standard-size_white,599.0,,100,TRUE,"https://content.public.markaz.app/markazimagevideo/public/products/1209-223-673505-product-1.webp,https://content.public.markaz.app/markazimagevideo/public/thumbnails/products/1209-223-673505-product-1.webp,https://content.public.markaz.app/markazimagevideo/public/thumbnails/products/1209-223-673505-product-5.webp,https://content.public.markaz.app/markazimagevideo/public/thumbnails/products/1209-223-673505-product-2.webp,https://content.public.markaz.app/markazimagevideo/public/thumbnails/products/1209-223-673505-product-4.webp,https://content.public.markaz.app/markazimagevideo/public/thumbnails/products/1209-223-673505-product-3.webp",,,,,Size,Standard Size,Color,White,,
,,,,,,,,,,,,,Standard Size / White,PV_MZ1183200126CCCS_standard-size_white,599.0,,100,TRUE,"https://content.public.markaz.app/markazimagevideo/public/thumbnails/products/1183-223-673495-product-5.webp,https://content.public.markaz.app/markazimagevideo/public/products/1183-223-673495-product-1.webp,https://content.public.markaz.app/markazimagevideo/public/thumbnails/products/1183-223-673495-product-2.webp,https://content.public.markaz.app/markazimagevideo/public/thumbnails/products/1183-223-673495-product-3.webp,https://content.public.markaz.app/markazimagevideo/public/thumbnails/products/1183-223-673495-product-1.webp,https://content.public.markaz.app/markazimagevideo/public/thumbnails/products/1183-223-673495-product-4.webp",,,,,Size,Standard Size,Color,White,,
,,,,,,,,,,,,,Standard Size / White,PV_MZ1776200110BYBZHE_standard-size_white,585.0,,100,TRUE,https://content.public.markaz.app/markazimagevideo/public/products/1776-223-680730-product-1.webp,,,,,Size,Standard Size,Color,White,,
,,,,,,,,,,,,,Standard Size / Red,PV_MZ1776200090BYBZHE_standard-size_red,609.0,,100,TRUE,"https://content.public.markaz.app/markazimagevideo/public/thumbnails/products/1776-223-669320-product-4.webp,https://content.public.markaz.app/markazimagevideo/public/thumbnails/products/1776-223-669320-product-1.webp,https://content.public.markaz.app/markazimagevideo/public/products/1776-223-669320-product-1.webp,https://content.public.markaz.app/markazimagevideo/public/thumbnails/products/1776-223-669320-product-3.webp,https://content.public.markaz.app/markazimagevideo/public/thumbnails/products/1776-223-669320-product-5.webp,https://content.public.markaz.app/markazimagevideo/public/thumbnails/products/1776-223-669320-product-2.webp",,,,,Size,Standard Size,Color,Red,,
1 Pc Sugar Control L14 Acupressure Point Clip,1-pc-sugar-control-l14-acupressure-point-clip,,"Discover the benefits of the Sugar Control L14 Acupressure Point Clip, designed for on-the-go use and clinically proven effectiveness. This compact and portable tool supports various health needs, providing a reliable solution for those looking to manage their health more effectively. Ideal for anyone seeking a convenient health companion.",,Health Accessories,"Material: ABS Plastic | | Number Of Pieces: 1 Pc | | Product Feature: Clinically-Proven Effectiveness For Specific Health Concerns, Portable For On-The-Go Use, Supports Various Health Needs |",,5.0,,,,,,,,,,,,,,,,,,,,,
,,,,,,,,,,,,,Standard Size / Black,PV_MZ22100000152MSEE_standard-size_black,850.0,,100,TRUE,"https://content.public.markaz.app/markazimagevideo/public/thumbnails/products/221-223-590078-product-2.jpg,https://content.public.markaz.app/markazimagevideo/public/thumbnails/products/221-223-590078-product-3.jpg,https://content.public.markaz.app/markazimagevideo/public/thumbnails/products/221-223-590078-product-1.jpg,https://content.public.markaz.app/markazimagevideo/public/products/221-223-590078-product-1.jpg,https://content.public.markaz.app/markazimagevideo/public/thumbnails/products/221-223-590078-product-5.jpg,https://content.public.markaz.app/markazimagevideo/public/thumbnails/products/221-223-590078-product-4.jpg",,,,,Size,Standard Size,Color,Black,,
Diabetic Patches - Carb & Sugar Blocker,diabetic-patches---carb-sugar-blocker,,Number Of Pieces: 12 Pcs,,Health Accessories,Material: ABS Plastic | | Number Of Pieces: 12 Pcs |,,5.0,,,,,,,,,,,,,,,,,,,,,
,,,,,,,,,,,,,Standard Size / White,PV_MZ1304200389ZETS_standard-size_white,1200.0,,100,TRUE,"https://content.public.markaz.app/markazimagevideo/public/thumbnails/products/1304-223-561367-product-1-withcode.jpeg,https://content.public.markaz.app/markazimagevideo/public/products/1304-223-561367-product-1.jpeg,https://content.public.markaz.app/markazimagevideo/public/thumbnails/products/1304-223-561367-product-4.jpeg,https://content.public.markaz.app/markazimagevideo/public/thumbnails/products/1304-223-561367-product-1.jpeg,https://content.public.markaz.app/markazimagevideo/public/thumbnails/products/1304-223-561367-product-5.jpeg,https://content.public.markaz.app/markazimagevideo/public/thumbnails/products/1304-223-561367-product-3.jpeg,https://content.public.markaz.app/markazimagevideo/public/thumbnails/products/1304-223-561367-product-2.jpeg",,,,,Size,Standard Size,Color,White,,
,,,,,,,,,,,,,Standard Size / White,PV_MZ1347200389CNCS_standard-size_white,1200.0,,100,TRUE,"https://content.public.markaz.app/markazimagevideo/public/thumbnails/products/1347-223-561365-product-1.jpeg,https://content.public.markaz.app/markazimagevideo/public/thumbnails/products/1347-223-561365-product-2.jpeg,https://content.public.markaz.app/markazimagevideo/public/thumbnails/products/1347-223-561365-product-3.jpeg,https://content.public.markaz.app/markazimagevideo/public/thumbnails/products/1347-223-561365-product-1-withcode.jpeg,https://content.public.markaz.app/markazimagevideo/public/thumbnails/products/1347-223-561365-product-4.jpeg,https://content.public.markaz.app/markazimagevideo/public/thumbnails/products/1347-223-561365-product-5.jpeg,https://content.public.markaz.app/markazimagevideo/public/products/1347-223-561365-product-1.jpeg",,,,,Size,Standard Size,Color,White,,
,,,,,,,,,,,,,Standard Size / White,PV_MZ1408200374IATS_standard-size_white,1200.0,,100,TRUE,"https://content.public.markaz.app/markazimagevideo/public/thumbnails/products/1408-223-561364-product-4.jpeg,https://content.public.markaz.app/markazimagevideo/public/thumbnails/products/1408-223-561364-product-2.jpeg,https://content.public.markaz.app/markazimagevideo/public/thumbnails/products/1408-223-561364-product-5.jpeg,https://content.public.markaz.app/markazimagevideo/public/thumbnails/products/1408-223-561364-product-3.jpeg,https://content.public.markaz.app/markazimagevideo/public/thumbnails/products/1408-223-561364-product-1-withcode.jpeg,https://content.public.markaz.app/markazimagevideo/public/products/1408-223-561364-product-1.jpeg,https://content.public.markaz.app/markazimagevideo/public/thumbnails/products/1408-223-561364-product-1.jpeg",,,,,Size,Standard Size,Color,White,,
"Nail Growth Treatment Serum, 03 Pcs",nail-growth-treatment-serum-03-pcs,,Number Of Pieces: 3 Pcs Product Feature: Promotes Wellness And Self-Care,,Health Accessories,Material: Liquid | | Number Of Pieces: 3 Pcs | | Product Feature: Promotes Wellness And Self-Care |,,5.0,,,,,,,,,,,,,,,,,,,,,
,,,,,,,,,,,,,Standard / White,PV_MZ51100000536AFTS_standard_white,1730.0,,10,TRUE,"https://content.public.markaz.app/markazimagevideo/public/thumbnails/products/511-223-642776-product-5.webp,https://content.public.markaz.app/markazimagevideo/public/thumbnails/products/511-223-642776-product-7.webp,https://content.public.markaz.app/markazimagevideo/public/thumbnails/products/511-223-642776-product-1.webp,https://content.public.markaz.app/markazimagevideo/public/thumbnails/products/511-223-642776-product-9.webp,https://content.public.markaz.app/markazimagevideo/public/thumbnails/products/511-223-642776-product-8.webp,https://content.public.markaz.app/markazimagevideo/public/thumbnails/products/511-223-642776-product-3.webp,https://content.public.markaz.app/markazimagevideo/public/thumbnails/products/511-223-642776-product-4.webp,https://content.public.markaz.app/markazimagevideo/public/thumbnails/products/511-223-642776-product-6.webp,https://content.public.markaz.app/markazimagevideo/public/products/511-223-642776-product-1.webp,https://content.public.markaz.app/markazimagevideo/public/thumbnails/products/511-223-642776-product-2.webp",,,,,Color,White,Size,Standard,,
Ergonomic Designs For Comfortable Usage Walking Stick,ergonomic-designs-for-comfortable-usage-walking-stick,,"Number Of Pieces: 1 Pc Product Feature: Ergonomic Designs For Comfortable Usage Length: 24 Cm Width: 43 Cm Height: 79 Cm Capacity: 100 Kgs . Soft and comfortable sitting surface, long term using without fatigue. 2. Quality sponge handle, comfortable grip, sweat absorption and anti - slip. 3. Anti-slip, easy to carry, stylish appearance, wear-resistant, reliable quality. 4. Portable folding designed makes it easy to be folded when not in use. 5. Stainless steel material manufacturing ensure maximum durability.",,Health Accessories,"Material: Stainless Steel | | Number Of Pieces: 1 Pc | | Product Feature: Ergonomic Designs For Comfortable Usage | | Length: 24 Cm | | Width: 43 Cm | | Height: 79 Cm | | Capacity: 100 Kgs | | . Soft and comfortable sitting surface, long term using without fatigue. | | 2. Quality sponge handle, comfortable grip, sweat absorption and anti - slip. | | 3. Anti-slip, easy to carry, stylish appearance, wear-resistant, reliable quality. | | 4. Portable folding designed makes it easy to be folded when not in use. | | 5. Stainless steel material manufacturing ensure maximum durability. |",,5.0,,,,,,,,,,,,,,,,,,,,,
,,,,,,,,,,,,,Standard / Black,PV_MZ2057200008SSAMHETS_standard_black,5810.0,,70,TRUE,"https://content.public.markaz.app/markazimagevideo/public/products/2057-223-688137-product-1.webp,https://content.public.markaz.app/markazimagevideo/public/thumbnails/products/2057-223-688137-product-6.webp,https://content.public.markaz.app/markazimagevideo/public/thumbnails/products/2057-223-688137-product-2.webp,https://content.public.markaz.app/markazimagevideo/public/thumbnails/products/2057-223-688137-product-4.webp,https://content.public.markaz.app/markazimagevideo/public/thumbnails/products/2057-223-688137-product-3.webp,https://content.public.markaz.app/markazimagevideo/public/thumbnails/products/2057-223-688137-product-1.webp,https://content.public.markaz.app/markazimagevideo/public/thumbnails/products/2057-223-688137-product-5.webp",,79,43,,Color,Black,Size,Standard,,
,,,,,,,,,,,,,Standard / Blue,PV_MZ2057200008SSAMHETS_standard_blue,5810.0,,70,TRUE,"https://content.public.markaz.app/markazimagevideo/public/products/2057-223-688137-product-1.webp,https://content.public.markaz.app/markazimagevideo/public/thumbnails/products/2057-223-688137-product-6.webp,https://content.public.markaz.app/markazimagevideo/public/thumbnails/products/2057-223-688137-product-2.webp,https://content.public.markaz.app/markazimagevideo/public/thumbnails/products/2057-223-688137-product-4.webp,https://content.public.markaz.app/markazimagevideo/public/thumbnails/products/2057-223-688137-product-3.webp,https://content.public.markaz.app/markazimagevideo/public/thumbnails/products/2057-223-688137-product-1.webp,https://content.public.markaz.app/markazimagevideo/public/thumbnails/products/2057-223-688137-product-5.webp",,79,43,,Color,Blue,Size,Standard,,
,,,,,,,,,,,,,Standard / Red,PV_MZ2057200008SSAMHETS_standard_red,5810.0,,70,TRUE,"https://content.public.markaz.app/markazimagevideo/public/products/2057-223-688137-product-1.webp,https://content.public.markaz.app/markazimagevideo/public/thumbnails/products/2057-223-688137-product-6.webp,https://content.public.markaz.app/markazimagevideo/public/thumbnails/products/2057-223-688137-product-2.webp,https://content.public.markaz.app/markazimagevideo/public/thumbnails/products/2057-223-688137-product-4.webp,https://content.public.markaz.app/markazimagevideo/public/thumbnails/products/2057-223-688137-product-3.webp,https://content.public.markaz.app/markazimagevideo/public/thumbnails/products/2057-223-688137-product-1.webp,https://content.public.markaz.app/markazimagevideo/public/thumbnails/products/2057-223-688137-product-5.webp",,79,43,,Color,Red,Size,Standard,,
Finger Gripper,finger-gripper,,"Strengthen your fingers, hands & forearms with this durable silicone finger gripper exerciser, designed for improved grip strength, flexibility & injury recovery. Lightweight and portable, it's perfect for athletes, musicians & anyone seeking convenient hand therapy at home.",,Health Accessories,Material: Silicone | | Number Of Pieces: 1 Pc |,,5.0,,,,,,,,,,,,,,,,,,,,,
,,,,,,,,,,,,,Free Size / Multicolor,PV_MZ1472200079NETSWS_standard_standard,630.0,,36,TRUE,"https://content.public.markaz.app/markazimagevideo/public/thumbnails/products/1472-223-623930-product-1.jpeg,https://content.public.markaz.app/markazimagevideo/public/thumbnails/products/1472-223-623930-product-5.webp,https://content.public.markaz.app/markazimagevideo/public/products/1472-223-623930-product-1.jpeg,https://content.public.markaz.app/markazimagevideo/public/thumbnails/products/1472-223-623930-product-4.webp,https://content.public.markaz.app/markazimagevideo/public/thumbnails/products/1472-223-623930-product-2.jpg,https://content.public.markaz.app/markazimagevideo/public/thumbnails/products/1472-223-623930-product-3.jpg,https://content.public.markaz.app/markazimagevideo/public/thumbnails/products/1472-223-623930-product-1-withcode.jpeg",,,,,Size,Free Size,Color,Multicolor,,
,,,,,,,,,,,,,Standard / Black,PV_MZ51100000055AFTS_standard_black,718.0,,200,TRUE,"https://content.public.markaz.app/markazimagevideo/public/thumbnails/products/511-223-449836-product-4.jpg,https://content.public.markaz.app/markazimagevideo/public/thumbnails/products/511-223-449836-product-6.webp,https://content.public.markaz.app/markazimagevideo/public/thumbnails/products/511-223-449836-product-8.webp,https://content.public.markaz.app/markazimagevideo/public/thumbnails/products/511-223-449836-product-2.jpg,https://content.public.markaz.app/markazimagevideo/public/thumbnails/products/511-223-449836-product-5.jpg,https://content.public.markaz.app/markazimagevideo/public/thumbnails/products/511-223-449836-product-3.jpg,https://content.public.markaz.app/markazimagevideo/public/thumbnails/products/511-223-449836-product-1.jpg,https://content.public.markaz.app/markazimagevideo/public/thumbnails/products/511-223-449836-product-1-withcode.jpg,https://content.public.markaz.app/markazimagevideo/public/products/511-223-449836-product-1.jpg,https://content.public.markaz.app/markazimagevideo/public/thumbnails/products/511-223-449836-product-7.webp",,,3.5,,Color,Black,Size,Standard,,
,,,,,,,,,,,,,Standard / Grey,PV_MZ51100000055AFTS_standard_grey,718.0,,200,TRUE,"https://content.public.markaz.app/markazimagevideo/public/thumbnails/products/511-223-449836-product-4.jpg,https://content.public.markaz.app/markazimagevideo/public/thumbnails/products/511-223-449836-product-6.webp,https://content.public.markaz.app/markazimagevideo/public/thumbnails/products/511-223-449836-product-8.webp,https://content.public.markaz.app/markazimagevideo/public/thumbnails/products/511-223-449836-product-2.jpg,https://content.public.markaz.app/markazimagevideo/public/thumbnails/products/511-223-449836-product-5.jpg,https://content.public.markaz.app/markazimagevideo/public/thumbnails/products/511-223-449836-product-3.jpg,https://content.public.markaz.app/markazimagevideo/public/thumbnails/products/511-223-449836-product-1.jpg,https://content.public.markaz.app/markazimagevideo/public/thumbnails/products/511-223-449836-product-1-withcode.jpg,https://content.public.markaz.app/markazimagevideo/public/products/511-223-449836-product-1.jpg,https://content.public.markaz.app/markazimagevideo/public/thumbnails/products/511-223-449836-product-7.webp",,,3.5,,Color,Grey,Size,Standard,,
,,,,,,,,,,,,,Standard / Black,PV_MZ1899200136AAOETR_standard_black,780.0,,100,TRUE,https://content.public.markaz.app/markazimagevideo/public/products/1899-223-676525-product-1.webp,,,,,Color,Black,Size,Standard,,
,,,,,,,,,,,,,Standard / Black,PV_MZ94300000046PMGTIM_standard_black,660.0,,1,TRUE,https://content.public.markaz.app/markazimagevideo/public/products/943-223-467150-product-1.jpg,,,,,Color,Black,Size,Standard,,
,,,,,,,,,,,,,2m x 60cm / Black,PV_MZ94300000013PMGTIM_2m-x-60cm_black,1090.0,,100,TRUE,https://content.public.markaz.app/markazimagevideo/public/products/943-223-458413-product-1.jpg,,,,,Color,Black,Size,2m x 60cm,,
Knee Pain Relief Patch,knee-pain-relief-patch,,Number Of Pieces: 1 Pc,,Health Accessories,Material: ABS Plastic | | Number Of Pieces: 1 Pc |,,5.0,,,,,,,,,,,,,,,,,,,,,
,,,,,,,,,,,,,Standard Size / Green,PV_MZ1518200520BGSE_standard-size_green,909.0,,100,TRUE,"https://content.public.markaz.app/markazimagevideo/public/thumbnails/products/1518-223-636285-product-6.webp,https://content.public.markaz.app/markazimagevideo/public/thumbnails/products/1518-223-636285-product-1-withcode.webp,https://content.public.markaz.app/markazimagevideo/public/products/1518-223-636285-product-1.webp,https://content.public.markaz.app/markazimagevideo/public/thumbnails/products/1518-223-636285-product-5.webp,https://content.public.markaz.app/markazimagevideo/public/thumbnails/products/1518-223-636285-product-2.webp,https://content.public.markaz.app/markazimagevideo/public/thumbnails/products/1518-223-636285-product-1.webp,https://content.public.markaz.app/markazimagevideo/public/thumbnails/products/1518-223-636285-product-3.webp,https://content.public.markaz.app/markazimagevideo/public/thumbnails/products/1518-223-636285-product-7.webp,https://content.public.markaz.app/markazimagevideo/public/thumbnails/products/1518-223-636285-product-4.webp",,,,,Size,Standard Size,Color,Green,,
,,,,,,,,,,,,,Adjustable / Green,PV_MZ1701201003ALHAGS_adjustable_green,860.0,,99,TRUE,https://content.public.markaz.app/markazimagevideo/public/products/1701-223-679738-product-2.webp,,,,,Size,Adjustable,Color,Green,,
,,,,,,,,,,,,,Standard Size / Green,PV_MZ1701200977ALHAGS_standard-size_green,950.0,,110,TRUE,"https://content.public.markaz.app/markazimagevideo/public/products/1701-223-678394-product-1.webp,https://content.public.markaz.app/markazimagevideo/public/thumbnails/products/1701-223-678394-product-3.webp,https://content.public.markaz.app/markazimagevideo/public/thumbnails/products/1701-223-678394-product-4.webp,https://content.public.markaz.app/markazimagevideo/public/thumbnails/products/1701-223-678394-product-1-withcode.webp,https://content.public.markaz.app/markazimagevideo/public/thumbnails/products/1701-223-678394-product-2.webp,https://content.public.markaz.app/markazimagevideo/public/thumbnails/products/1701-223-678394-product-5.webp,https://content.public.markaz.app/markazimagevideo/public/thumbnails/products/1701-223-678394-product-1.webp",,,,,Size,Standard Size,Color,Green,,
,,,,,,,,,,,,,Adjustable / Green,PV_MZ1701201148ALHAGS_adjustable_green,738.0,,100,TRUE,https://content.public.markaz.app/markazimagevideo/public/products/1701-223-684276-product-2.webp,,,,,Size,Adjustable,Color,Green,,
,,,,,,,,,,,,,Standard Size / Green,PV_MZ1701201133ALHAGS_standard-size_green,720.0,,98,TRUE,"https://content.public.markaz.app/markazimagevideo/public/thumbnails/products/1701-223-683786-product-1-withcode.webp,https://content.public.markaz.app/markazimagevideo/public/thumbnails/products/1701-223-683786-product-3.webp,https://content.public.markaz.app/markazimagevideo/public/thumbnails/products/1701-223-683786-product-1.webp,https://content.public.markaz.app/markazimagevideo/public/products/1701-223-683786-product-1.webp,https://content.public.markaz.app/markazimagevideo/public/thumbnails/products/1701-223-683786-product-2.webp,https://content.public.markaz.app/markazimagevideo/public/thumbnails/products/1701-223-683786-product-4.webp",,,,,Size,Standard Size,Color,Green,,
,,,,,,,,,,,,,Standard Size / Green,PV_MZ1701200538ALHAGS_standard-size_green,909.0,,99,TRUE,https://content.public.markaz.app/markazimagevideo/public/products/1701-223-638001-product-1.webp,,,,,Size,Standard Size,Color,Green,,
,,,,,,,,,,,,,Standard Size / Green,PV_MZ1701200992ALHAGS_standard-size_green,860.0,,999,TRUE,https://content.public.markaz.app/markazimagevideo/public/products/1701-223-678662-product-2.webp,,,,,Size,Standard Size,Color,Green,,
,,,,,,,,,,,,,Adjustable / Green,PV_MZ1701200493ALHAGS_adjustable_green,909.0,,99,TRUE,"https://content.public.markaz.app/markazimagevideo/public/thumbnails/products/1701-223-635202-product-3.webp,https://content.public.markaz.app/markazimagevideo/public/thumbnails/products/1701-223-635202-product-6.webp,https://content.public.markaz.app/markazimagevideo/public/products/1701-223-635202-product-1.webp,https://content.public.markaz.app/markazimagevideo/public/thumbnails/products/1701-223-635202-product-1-withcode.webp,https://content.public.markaz.app/markazimagevideo/public/thumbnails/products/1701-223-635202-product-5.webp,https://content.public.markaz.app/markazimagevideo/public/thumbnails/products/1701-223-635202-product-2.webp,https://content.public.markaz.app/markazimagevideo/public/thumbnails/products/1701-223-635202-product-1.webp,https://content.public.markaz.app/markazimagevideo/public/thumbnails/products/1701-223-635202-product-4.webp",,,,,Size,Adjustable,Color,Green,,
,,,,,,,,,,,,,Standard Size / Green,PV_MZ1701200485ALHAGS_standard-size_green,909.0,,100,TRUE,"https://content.public.markaz.app/markazimagevideo/public/thumbnails/products/1701-223-633302-product-1.webp,https://content.public.markaz.app/markazimagevideo/public/thumbnails/products/1701-223-633302-product-1-withcode.webp,https://content.public.markaz.app/markazimagevideo/public/thumbnails/products/1701-223-633302-product-5.webp,https://content.public.markaz.app/markazimagevideo/public/products/1701-223-633302-product-1.webp,https://content.public.markaz.app/markazimagevideo/public/thumbnails/products/1701-223-633302-product-2.webp,https://content.public.markaz.app/markazimagevideo/public/thumbnails/products/1701-223-633302-product-4.webp,https://content.public.markaz.app/markazimagevideo/public/thumbnails/products/1701-223-633302-product-3.jpg",,,,,Size,Standard Size,Color,Green,,
,,,,,,,,,,,,,Standard Size / Green,PV_MZ1701201046ALHAGS_standard-size_green,859.0,,100,TRUE,https://content.public.markaz.app/markazimagevideo/public/products/1701-223-681112-product-2.webp,,,,,Size,Standard Size,Color,Green,,
10 Pcs Knee Fast Pain Relieving Plaster,10-pcs-knee-fast-pain-relieving-plaster,,Self Heating Support Knee Pad,,Health Accessories,"Material: Plaster | | Product Type: Knee Plaster | | Quantity: 10Pcs | | Weight: 50G | | Functions: Improve Joint Pain In The Knee Area, Suitable For All Seasons. Activating Blood, Promoting Blood Circulation, Relieving Pain, And Accelerating Metabolic Cycle | | How To Use: Clean And Dry The Affected Area. Remove The Plastic Backing From One Side Of The Patch. Smooth That Side Over The Area Where You Want Pain Relief. |",,4.6,,,,,,,,,,,,,,,,,,,,,
,,,,,,,,,,,,,Pack of 10 / Standard,PV_MZ49200446AFTRD_pack-of-10_standard,640.0,,10,TRUE,https://content.public.markaz.app/markazimagevideo/public/products/511-223-280123-product-1.jpeg,50,,,,Size,Pack of 10,Color,Standard,,
Joint Pain Relief Cream,joint-pain-relief-cream,,Number Of Pieces: 1 Pc,,Health Accessories,Material: Gel | | Number Of Pieces: 1 Pc |,,5.0,,,,,,,,,,,,,,,,,,,,,
,,,,,,,,,,,,,Standard Size / White,PV_MZ1180200259HSTS_standard-size_white,809.0,,100,TRUE,https://content.public.markaz.app/markazimagevideo/public/products/1180-223-697893-product-1.webp,,,,,Size,Standard Size,Color,White,,
,,,,,,,,,,,,,Standard Size / White,PV_MZ100400416LHLE_standard-size_white,809.0,,100,TRUE,https://content.public.markaz.app/markazimagevideo/public/products/1004-223-697843-product-1.webp,,,,,Size,Standard Size,Color,White,,
,,,,,,,,,,,,,Standard Size / White,PV_MZ1701201228ALHAGS_standard-size_white,809.0,,97,TRUE,"https://content.public.markaz.app/markazimagevideo/public/products/1701-223-688104-product-1.webp,https://content.public.markaz.app/markazimagevideo/public/thumbnails/products/1701-223-688104-product-4.webp,https://content.public.markaz.app/markazimagevideo/public/thumbnails/products/1701-223-688104-product-5.webp,https://content.public.markaz.app/markazimagevideo/public/thumbnails/products/1701-223-688104-product-2.webp,https://content.public.markaz.app/markazimagevideo/public/thumbnails/products/1701-223-688104-product-3.webp,https://content.public.markaz.app/markazimagevideo/public/thumbnails/products/1701-223-688104-product-1.webp",,,,,Size,Standard Size,Color,White,,
,,,,,,,,,,,,,Standard Size / White,PV_MZ1183200169CCCS_standard-size_white,809.0,,100,TRUE,https://content.public.markaz.app/markazimagevideo/public/products/1183-223-697883-product-1.webp,,,,,Size,Standard Size,Color,White,,
,,,,,,,,,,,,,Free Size / White,PV_MZ1701201269ALHAGS_standard_white,760.0,,100,TRUE,https://content.public.markaz.app/markazimagevideo/public/products/1701-223-690529-product-1.webp,,,,,Size,Free Size,Color,White,,
,,,,,,,,,,,,,Standard Size / White,PV_MZ1209200131PEBY_standard-size_white,809.0,,100,TRUE,https://content.public.markaz.app/markazimagevideo/public/products/1209-223-697905-product-1.webp,,,,,Size,Standard Size,Color,White,,
,,,,,,,,,,,,,Standard Size / Black,PV_MZ2073200071BBNDMDNO_standard-size_black,809.0,,100,TRUE,https://content.public.markaz.app/markazimagevideo/public/products/2073-223-688429-product-1.webp,,,,,Size,Standard Size,Color,Black,,
,,,,,,,,,,,,,Standard Size / White,PV_MZ2073200090BBNDMDNO_standard-size_white,760.0,,100,TRUE,https://content.public.markaz.app/markazimagevideo/public/products/2073-223-690540-product-1.webp,,,,,Size,Standard Size,Color,White,,
,,,,,,,,,,,,,Standard Size / White,PV_MZ2073200114BBNDMDNO_standard-size_white,860.0,,100,TRUE,https://content.public.markaz.app/markazimagevideo/public/products/2073-223-699638-product-1.webp,,,,,Size,Standard Size,Color,White,,
,,,,,,,,,,,,,Standard Size / White,PV_MZ608200192SHBS_standard-size_white,809.0,,100,TRUE,https://content.public.markaz.app/markazimagevideo/public/products/608-223-697850-product-1.webp,,,,,Size,Standard Size,Color,White,,
,,,,,,,,,,,,,Standard Size / Standard,PV_MZ67400000075CYCH_standard-size_standard,1090.0,,10,TRUE,"https://content.public.markaz.app/markazimagevideo/public/thumbnails/products/674-223-441487-product-1.jpg,https://content.public.markaz.app/markazimagevideo/public/thumbnails/products/674-223-441487-product-2.jpg,https://content.public.markaz.app/markazimagevideo/public/thumbnails/products/674-223-441487-product-7.jpg,https://content.public.markaz.app/markazimagevideo/public/thumbnails/products/674-223-441487-product-1-withcode.jpg,https://content.public.markaz.app/markazimagevideo/public/thumbnails/products/674-223-441487-product-8.jpg,https://content.public.markaz.app/markazimagevideo/public/thumbnails/products/674-223-441487-product-3.jpg,https://content.public.markaz.app/markazimagevideo/public/products/674-223-441487-product-1.jpg,https://content.public.markaz.app/markazimagevideo/public/thumbnails/products/674-223-441487-product-6.jpg,https://content.public.markaz.app/markazimagevideo/public/thumbnails/products/674-223-441487-product-4.jpg,https://content.public.markaz.app/markazimagevideo/public/thumbnails/products/674-223-441487-product-5.jpg",,,,,Size,Standard Size,Color,Standard,,
Suture Practice Pad,suture-practice-pad,,"Designed To Replicate The Anatomical Structure Of Human Tissue Including 3 Layers: Skin, Fat And Muscle, To Provide The Best Human Tissue Simulation Possible. Perfect For Practicing Suture Techniques And Or For Lab Dissections Or Dental Teaching. It'S Non-Sterile And Are Not Intended For Personal Care, Use On Patients.",,Health Accessories,Material: Silicone | | Number Of Pieces: 1 Pc |,,5.0,,,,,,,,,,,,,,,,,,,,,
,,,,,,,,,,,,,Standard / Ivory,PV_MZ1338200011EEWD_standard_ivory,890.0,,1,TRUE,"https://content.public.markaz.app/markazimagevideo/public/thumbnails/products/1338-223-458974-product-4.jpg,https://content.public.markaz.app/markazimagevideo/public/products/1338-223-458974-product-1.jpg,https://content.public.markaz.app/markazimagevideo/public/thumbnails/products/1338-223-458974-product-3.jpg,https://content.public.markaz.app/markazimagevideo/public/thumbnails/products/1338-223-458974-product-1-withcode.jpg,https://content.public.markaz.app/markazimagevideo/public/thumbnails/products/1338-223-458974-product-1.jpg,https://content.public.markaz.app/markazimagevideo/public/thumbnails/products/1338-223-458974-product-2.jpg",,,,,Color,Ivory,Size,Standard,,
,,,,,,,,,,,,,Standard Size / Skin,PV_MZ1338200017EEWD_standard-size_skin,920.0,,1,TRUE,"https://content.public.markaz.app/markazimagevideo/public/thumbnails/products/1338-223-461820-product-1.jpg,https://content.public.markaz.app/markazimagevideo/public/thumbnails/products/1338-223-461820-product-4.jpg,https://content.public.markaz.app/markazimagevideo/public/thumbnails/products/1338-223-461820-product-2.jpg,https://content.public.markaz.app/markazimagevideo/public/thumbnails/products/1338-223-461820-product-3.jpg,https://content.public.markaz.app/markazimagevideo/public/thumbnails/products/1338-223-461820-product-1-withcode.jpg,https://content.public.markaz.app/markazimagevideo/public/products/1338-223-461820-product-1.jpg",,,,,Size,Standard Size,Color,Skin,,
,,,,,,,,,,,,,Standard / Beige,PV_MZ1338200082EEWD_standard_beige,1009.0,,1,TRUE,https://content.public.markaz.app/markazimagevideo/public/products/1338-223-640297-product-1.webp,,,,,Color,Beige,Size,Standard,,
Sugar Control L14 Acupressure Point Clip,sugar-control-l14-acupressure-point-clip,,Number Of Pieces: 1 Pc,,Health Accessories,Material: ABS Plastic | | Number Of Pieces: 1 Pc |,,5.0,,,,,,,,,,,,,,,,,,,,,
,,,,,,,,,,,,,Standard Size / Black,PV_MZ1701200384ALHAGS_standard-size_black,709.0,,108,TRUE,"https://content.public.markaz.app/markazimagevideo/public/thumbnails/products/1701-223-628208-product-4.jpg,https://content.public.markaz.app/markazimagevideo/public/thumbnails/products/1701-223-628208-product-2.jpg,https://content.public.markaz.app/markazimagevideo/public/thumbnails/products/1701-223-628208-product-1-withcode.jpg,https://content.public.markaz.app/markazimagevideo/public/thumbnails/products/1701-223-628208-product-3.jpg,https://content.public.markaz.app/markazimagevideo/public/products/1701-223-628208-product-1.jpg,https://content.public.markaz.app/markazimagevideo/public/thumbnails/products/1701-223-628208-product-5.jpg,https://content.public.markaz.app/markazimagevideo/public/thumbnails/products/1701-223-628208-product-1.jpg",,,,,Size,Standard Size,Color,Black,,
,,,,,,,,,,,,,Standard Size / Black,PV_MZ1701200326ALHAGS_standard-size_black,809.0,,48,TRUE,"https://content.public.markaz.app/markazimagevideo/public/thumbnails/products/1701-223-626569-product-3.jpg,https://content.public.markaz.app/markazimagevideo/public/thumbnails/products/1701-223-626569-product-2.jpg,https://content.public.markaz.app/markazimagevideo/public/thumbnails/products/1701-223-626569-product-2-withcode.jpg,https://content.public.markaz.app/markazimagevideo/public/products/1701-223-626569-product-2.jpg,https://content.public.markaz.app/markazimagevideo/public/thumbnails/products/1701-223-626569-product-5.jpg,https://content.public.markaz.app/markazimagevideo/public/thumbnails/products/1701-223-626569-product-4.jpg",,,,,Size,Standard Size,Color,Black,,
,,,,,,,,,,,,,Adjustable / Black,PV_MZ1899200119AAOETR_adjustable_black,770.0,,100,TRUE,https://content.public.markaz.app/markazimagevideo/public/products/1899-223-675540-product-1.webp,,,,,Size,Adjustable,Color,Black,,
,,,,,,,,,,,,,Standard Size / Black,PV_MZ1701200325ALHAGS_standard-size_black,809.0,,49,TRUE,https://content.public.markaz.app/markazimagevideo/public/products/1701-223-626568-product-2.jpg,,,,,Size,Standard Size,Color,Black,,
,,,,,,,,,,,,,Standard Size / Black,PV_MZ1701200259ALHAGS_standard-size_black,759.0,,110,TRUE,"https://content.public.markaz.app/markazimagevideo/public/thumbnails/products/1701-223-622909-product-2-withcode.jpg,https://content.public.markaz.app/markazimagevideo/public/thumbnails/products/1701-223-622909-product-5.jpg,https://content.public.markaz.app/markazimagevideo/public/thumbnails/products/1701-223-622909-product-4.jpg,https://content.public.markaz.app/markazimagevideo/public/products/1701-223-622909-product-2.jpg,https://content.public.markaz.app/markazimagevideo/public/thumbnails/products/1701-223-622909-product-3.jpg,https://content.public.markaz.app/markazimagevideo/public/thumbnails/products/1701-223-622909-product-2.jpg",,,,,Size,Standard Size,Color,Black,,
,,,,,,,,,,,,,Adjustable / Black,PV_MZ608200132SHBS_adjustable_black,659.0,,100,TRUE,https://content.public.markaz.app/markazimagevideo/public/products/608-223-649097-product-1.webp,,,,,Size,Adjustable,Color,Black,,
,,,,,,,,,,,,,Standard Size / Black,PV_MZ1183200109CCCS_standard-size_black,659.0,,100,TRUE,https://content.public.markaz.app/markazimagevideo/public/products/1183-223-649091-product-1.webp,,,,,Size,Standard Size,Color,Black,,
,,,,,,,,,,,,,Adjustable / Black,PV_MZ1180200200HSTS_adjustable_black,659.0,,100,TRUE,https://content.public.markaz.app/markazimagevideo/public/products/1180-223-649072-product-1.webp,,,,,Size,Adjustable,Color,Black,,
,,,,,,,,,,,,,Adjustable / Black,PV_MZ100400351LHLE_adjustable_black,659.0,,100,TRUE,https://content.public.markaz.app/markazimagevideo/public/products/1004-223-649084-product-1.webp,,,,,Size,Adjustable,Color,Black,,
,,,,,,,,,,,,,Standard / Multicolor,PV_MZ1472200012NETSWS_standard_standard,679.0,,4,TRUE,"https://content.public.markaz.app/markazimagevideo/public/thumbnails/products/1472-223-563885-product-3.jpeg,https://content.public.markaz.app/markazimagevideo/public/thumbnails/products/1472-223-563885-product-5.jpeg,https://content.public.markaz.app/markazimagevideo/public/products/1472-223-563885-product-1.webp,https://content.public.markaz.app/markazimagevideo/public/thumbnails/products/1472-223-563885-product-1-withcode.webp,https://content.public.markaz.app/markazimagevideo/public/thumbnails/products/1472-223-563885-product-4.jpeg,https://content.public.markaz.app/markazimagevideo/public/thumbnails/products/1472-223-563885-product-1.webp,https://content.public.markaz.app/markazimagevideo/public/thumbnails/products/1472-223-563885-product-6.jpeg,https://content.public.markaz.app/markazimagevideo/public/thumbnails/products/1472-223-563885-product-2.jpeg",,,,,Color,Multicolor,Size,Standard,,
,,,,,,,,,,,,,Standard / Black,PV_MZ1474200062ZNCN_standard_black,715.0,,193,TRUE,"https://content.public.markaz.app/markazimagevideo/public/thumbnails/products/1474-223-561308-product-1475-withcode.png,https://content.public.markaz.app/markazimagevideo/public/thumbnails/products/1474-223-561308-product-2.webp,https://content.public.markaz.app/markazimagevideo/public/thumbnails/products/1474-223-561308-product-3.jpg,https://content.public.markaz.app/markazimagevideo/public/products/1474-223-561308-product-1475.png,https://content.public.markaz.app/markazimagevideo/public/thumbnails/products/1474-223-561308-product-1475.png,https://content.public.markaz.app/markazimagevideo/public/thumbnails/products/1474-223-561308-product-1-withcode.png",,,,,Color,Black,Size,Standard,,
Smart Household Weight Scale,smart-household-weight-scale,,Precision Weighing Electronic Scale,,Health Accessories,"Material: Tempered glass | | Battery: 2 AAA batteries not included, not convenient for shipping | | Smart power on Immediate auto power on as soon as you step on the scale | | Smart Power Off: Auto power off in 10 seconds as soon as you step off the scale | | Maximum weight: 180KG/400LB | | Display LCD display | | Accuracy 0.3- 0.5KG |",,4.8,,,,,,,,,,,,,,,,,,,,,
,,,,,,,,,,,,,White / Standard,PV_MZ55900024GALXY_white_standard,2505.0,,10,TRUE,https://content.public.markaz.app/markazimagevideo/public/products/578-40761-223838-product-2.jpeg,180,,,,Size,White,Color,Standard,,
,,,,,,,,,,,,,pink / Standard,PV_MZ55900024GALXY_pink_standard,2505.0,,10,TRUE,https://content.public.markaz.app/markazimagevideo/public/products/578-40761-223838-product-2.jpeg,180,,,,Size,pink,Color,Standard,,
Electric Period Cramp Heating Belt,electric-period-cramp-heating-belt,,"Number Of Pieces: 1 Pc Product Feature: Affordable And Accessible Solutions, Easy To Use And Maintain, Designed For Safety And Effectiveness, Durable And Reliable Materials",,Health Accessories,"Material: ABS Plastic | | Number Of Pieces: 1 Pc | | Product Feature: Affordable And Accessible Solutions, Easy To Use And Maintain, Designed For Safety And Effectiveness, Durable And Reliable Materials |",,5.0,,,,,,,,,,,,,,,,,,,,,
,,,,,,,,,,,,,Standard / Pink,PV_MZ1899200050AAOETR_standard_pink,2309.0,,100,TRUE,"https://content.public.markaz.app/markazimagevideo/public/thumbnails/products/1899-223-672006-product-1-withcode.webp,https://content.public.markaz.app/markazimagevideo/public/thumbnails/products/1899-223-672006-product-1.webp,https://content.public.markaz.app/markazimagevideo/public/thumbnails/products/1899-223-672006-product-2.webp,https://content.public.markaz.app/markazimagevideo/public/products/1899-223-672006-product-1.webp,https://content.public.markaz.app/markazimagevideo/public/thumbnails/products/1899-223-672006-product-7.webp,https://content.public.markaz.app/markazimagevideo/public/thumbnails/products/1899-223-672006-product-5.webp,https://content.public.markaz.app/markazimagevideo/public/thumbnails/products/1899-223-672006-product-6.webp,https://content.public.markaz.app/markazimagevideo/public/thumbnails/products/1899-223-672006-product-4.webp,https://content.public.markaz.app/markazimagevideo/public/thumbnails/products/1899-223-672006-product-3.webp",,,,,Color,Pink,Size,Standard,,
,,,,,,,,,,,,,Standard Size / Multicolor,PV_MZ16300000042WRSR_standard-size_standard,2160.0,,100,TRUE,"https://content.public.markaz.app/markazimagevideo/public/products/163-223-618125-product-1.png,https://content.public.markaz.app/markazimagevideo/public/thumbnails/products/163-223-618125-product-5.jpg,https://content.public.markaz.app/markazimagevideo/public/thumbnails/products/163-223-618125-product-7.jpg,https://content.public.markaz.app/markazimagevideo/public/thumbnails/products/163-223-618125-product-6.jpg,https://content.public.markaz.app/markazimagevideo/public/thumbnails/products/163-223-618125-product-8.jpg,https://content.public.markaz.app/markazimagevideo/public/thumbnails/products/163-223-618125-product-3.jpg,https://content.public.markaz.app/markazimagevideo/public/thumbnails/products/163-223-618125-product-2.jpg,https://content.public.markaz.app/markazimagevideo/public/thumbnails/products/163-223-618125-product-1-withcode.png,https://content.public.markaz.app/markazimagevideo/public/thumbnails/products/163-223-618125-product-1.png,https://content.public.markaz.app/markazimagevideo/public/thumbnails/products/163-223-618125-product-4.jpg",,,,,Size,Standard Size,Color,Multicolor,,
Japnese Joint Pain Relief Cream,japnese-joint-pain-relief-cream,,Number Of Pieces: 1 Pc Product Feature: Clinically-Proven Effectiveness For Specific Health Concerns,,Health Accessories,Material: Gel | | Number Of Pieces: 1 Pc | | Product Feature: Clinically-Proven Effectiveness For Specific Health Concerns |,,5.0,,,,,,,,,,,,,,,,,,,,,
,,,,,,,,,,,,,Standard Size / Off White,PV_MZ1183200125CCCS_standard-size_off-white,889.0,,100,TRUE,https://content.public.markaz.app/markazimagevideo/public/products/1183-223-667042-product-1.webp,,,,,Size,Standard Size,Color,Off White,,
Huda Beauty Rapid Relief Cream,huda-beauty-rapid-relief-cream,,"Rapid Relief is another effective pain relief cream that helps to quickly relieve back, muscle and joint discomfort. Perfect for after exercise or rheumatic pain. Easily absorbed, works quickly and deeply.",,Health Accessories,"Material: Gel | | Number Of Pieces: 1 Pc | | Rapid Relief is another effective pain relief cream that helps to quickly relieve back, muscle and joint discomfort. Perfect for after exercise or rheumatic pain. Easily absorbed, works quickly and deeply. |",,5.0,,,,,,,,,,,,,,,,,,,,,
,,,,,,,,,,,,,Standard / Multicolor,PV_MZ69100000297AIBSFD_standard_standard,1309.0,,100,TRUE,"https://content.public.markaz.app/markazimagevideo/public/thumbnails/products/691-223-675715-product-2.webp,https://content.public.markaz.app/markazimagevideo/public/thumbnails/products/691-223-675715-product-4.webp,https://content.public.markaz.app/markazimagevideo/public/thumbnails/products/691-223-675715-product-3.webp,https://content.public.markaz.app/markazimagevideo/public/products/691-223-675715-product-1.webp,https://content.public.markaz.app/markazimagevideo/public/thumbnails/products/691-223-675715-product-5.webp,https://content.public.markaz.app/markazimagevideo/public/thumbnails/products/691-223-675715-product-1.webp",,,,,Color,Multicolor,Size,Standard,,
1 Pc Joint Pain Relief Oil,1-pc-joint-pain-relief-oil,,"Experience the comfort of 1 Pc Joint Pain Relief Oil, designed for effectiveness in alleviating discomfort. Its easy application makes it suitable for daily use, helping you regain mobility and ease. Perfect for those seeking an affordable and accessible solution to joint pain, this oil supports your wellness journey and enhances your self-care routine.",,Health Accessories,Material: Liquid | | Number Of Pieces: 1 Pc |,,5.0,,,,,,,,,,,,,,,,,,,,,
,,,,,,,,,,,,,Standard Size / Yellow,PV_MZ1177200057CYCS_standard-size_yellow,830.0,,10,TRUE,https://content.public.markaz.app/markazimagevideo/public/products/1177-223-601307-product-1.jpeg,,,,,Size,Standard Size,Color,Yellow,,
,,,,,,,,,,,,,Standard Size / Brown,PV_MZ22100000133MSEE_standard-size_brown,850.0,,100,TRUE,https://content.public.markaz.app/markazimagevideo/public/products/221-223-574786-product-1.jpg,,,,,Size,Standard Size,Color,Brown,,
,,,,,,,,,,,,,Standard Size / Yellow,PV_MZ1183200059CCCS_standard-size_yellow,819.0,,10,TRUE,https://content.public.markaz.app/markazimagevideo/public/products/1183-223-601293-product-1.jpeg,,,,,Size,Standard Size,Color,Yellow,,
Headache Relief Patch,headache-relief-patch,,Number Of Pieces: 1 Pc,,Health Accessories,Material: Silicone | | Number Of Pieces: 1 Pc |,,5.0,,,,,,,,,,,,,,,,,,,,,
,,,,,,,,,,,,,Adjustable / Pink,PV_MZ1701200909ALHAGS_adjustable_pink,1290.0,,120,TRUE,"https://content.public.markaz.app/markazimagevideo/public/products/1701-223-674146-product-1.webp,https://content.public.markaz.app/markazimagevideo/public/thumbnails/products/1701-223-674146-product-2.webp,https://content.public.markaz.app/markazimagevideo/public/thumbnails/products/1701-223-674146-product-3.webp,https://content.public.markaz.app/markazimagevideo/public/thumbnails/products/1701-223-674146-product-4.webp,https://content.public.markaz.app/markazimagevideo/public/thumbnails/products/1701-223-674146-product-1.webp,https://content.public.markaz.app/markazimagevideo/public/thumbnails/products/1701-223-674146-product-5.webp",,,,,Size,Adjustable,Color,Pink,,
,,,,,,,,,,,,,Adjustable / Black,PV_MZ1172200607SE_adjustable_black,1260.0,,100,TRUE,"https://content.public.markaz.app/markazimagevideo/public/thumbnails/products/1172-223-677792-product-4.webp,https://content.public.markaz.app/markazimagevideo/public/thumbnails/products/1172-223-677792-product-5.webp,https://content.public.markaz.app/markazimagevideo/public/thumbnails/products/1172-223-677792-product-3.webp,https://content.public.markaz.app/markazimagevideo/public/products/1172-223-677792-product-1.webp,https://content.public.markaz.app/markazimagevideo/public/thumbnails/products/1172-223-677792-product-1.webp,https://content.public.markaz.app/markazimagevideo/public/thumbnails/products/1172-223-677792-product-2.webp",,,,,Size,Adjustable,Color,Black,,
,,,,,,,,,,,,,Free Size / Multicolor,PV_MZ1172200570SE_standard_standard,1260.0,,100,TRUE,"https://content.public.markaz.app/markazimagevideo/public/thumbnails/products/1172-223-676949-product-3.webp,https://content.public.markaz.app/markazimagevideo/public/thumbnails/products/1172-223-676949-product-2.webp,https://content.public.markaz.app/markazimagevideo/public/thumbnails/products/1172-223-676949-product-4.webp,https://content.public.markaz.app/markazimagevideo/public/thumbnails/products/1172-223-676949-product-1.webp,https://content.public.markaz.app/markazimagevideo/public/products/1172-223-676949-product-1.webp,https://content.public.markaz.app/markazimagevideo/public/thumbnails/products/1172-223-676949-product-5.webp",,,,,Size,Free Size,Color,Multicolor,,
,,,,,,,,,,,,,Adjustable / Black,PV_MZ1701200518ALHAGS_adjustable_black,1290.0,,98,TRUE,"https://content.public.markaz.app/markazimagevideo/public/thumbnails/products/1701-223-636644-product-2.webp,https://content.public.markaz.app/markazimagevideo/public/thumbnails/products/1701-223-636644-product-5.webp,https://content.public.markaz.app/markazimagevideo/public/thumbnails/products/1701-223-636644-product-2-withcode.webp,https://content.public.markaz.app/markazimagevideo/public/thumbnails/products/1701-223-636644-product-4.webp,https://content.public.markaz.app/markazimagevideo/public/thumbnails/products/1701-223-636644-product-3.webp,https://content.public.markaz.app/markazimagevideo/public/products/1701-223-636644-product-2.webp",,,,,Size,Adjustable,Color,Black,,
,,,,,,,,,,,,,Adjustable / Pink,PV_MZ1701200942ALHAGS_adjustable_pink,1260.0,,110,TRUE,"https://content.public.markaz.app/markazimagevideo/public/thumbnails/products/1701-223-675744-product-3.webp,https://content.public.markaz.app/markazimagevideo/public/thumbnails/products/1701-223-675744-product-2.webp,https://content.public.markaz.app/markazimagevideo/public/products/1701-223-675744-product-1.webp,https://content.public.markaz.app/markazimagevideo/public/thumbnails/products/1701-223-675744-product-4.webp,https://content.public.markaz.app/markazimagevideo/public/thumbnails/products/1701-223-675744-product-5.webp,https://content.public.markaz.app/markazimagevideo/public/thumbnails/products/1701-223-675744-product-1.webp",,,,,Size,Adjustable,Color,Pink,,
,,,,,,,,,,,,,Adjustable / Blue,PV_MZ1701200868ALHAGS_adjustable_blue,1260.0,,100,TRUE,"https://content.public.markaz.app/markazimagevideo/public/thumbnails/products/1701-223-671947-product-5.webp,https://content.public.markaz.app/markazimagevideo/public/thumbnails/products/1701-223-671947-product-1.webp,https://content.public.markaz.app/markazimagevideo/public/thumbnails/products/1701-223-671947-product-4.webp,https://content.public.markaz.app/markazimagevideo/public/thumbnails/products/1701-223-671947-product-2.webp,https://content.public.markaz.app/markazimagevideo/public/products/1701-223-671947-product-1.webp,https://content.public.markaz.app/markazimagevideo/public/thumbnails/products/1701-223-671947-product-3.webp",,,,,Size,Adjustable,Color,Blue,,
,,,,,,,,,,,,,Standard Size / Black,PV_MZ1701200684ALHAGS_standard-size_black,1259.0,,100,TRUE,"https://content.public.markaz.app/markazimagevideo/public/thumbnails/products/1701-223-652290-product-6.webp,https://content.public.markaz.app/markazimagevideo/public/thumbnails/products/1701-223-652290-product-4.webp,https://content.public.markaz.app/markazimagevideo/public/thumbnails/products/1701-223-652290-product-2.webp,https://content.public.markaz.app/markazimagevideo/public/thumbnails/products/1701-223-652290-product-3.webp,https://content.public.markaz.app/markazimagevideo/public/products/1701-223-652290-product-2.webp,https://content.public.markaz.app/markazimagevideo/public/thumbnails/products/1701-223-652290-product-5.webp",,,,,Size,Standard Size,Color,Black,,
"Nail Growth Treatment Serum, 10 Pcs",nail-growth-treatment-serum-10-pcs,,Number Of Pieces: 10 Pcs Product Feature: Promotes Wellness And Self-Care,,Health Accessories,Material: Liquid | | Number Of Pieces: 10 Pcs | | Product Feature: Promotes Wellness And Self-Care |,,5.0,,,,,,,,,,,,,,,,,,,,,
,,,,,,,,,,,,,Standard / White,PV_MZ51100000538AFTS_standard_white,4860.0,,100,TRUE,"https://content.public.markaz.app/markazimagevideo/public/thumbnails/products/511-223-642781-product-3.webp,https://content.public.markaz.app/markazimagevideo/public/thumbnails/products/511-223-642781-product-2.webp,https://content.public.markaz.app/markazimagevideo/public/thumbnails/products/511-223-642781-product-6.webp,https://content.public.markaz.app/markazimagevideo/public/thumbnails/products/511-223-642781-product-9.webp,https://content.public.markaz.app/markazimagevideo/public/thumbnails/products/511-223-642781-product-4.webp,https://content.public.markaz.app/markazimagevideo/public/thumbnails/products/511-223-642781-product-7.webp,https://content.public.markaz.app/markazimagevideo/public/products/511-223-642781-product-1.webp,https://content.public.markaz.app/markazimagevideo/public/thumbnails/products/511-223-642781-product-1.webp,https://content.public.markaz.app/markazimagevideo/public/thumbnails/products/511-223-642781-product-8.webp,https://content.public.markaz.app/markazimagevideo/public/thumbnails/products/511-223-642781-product-5.webp",,,,,Color,White,Size,Standard,,
Clinically,clinically,,Japanese Pain Relief Gel,,Health Accessories,Material: Gel | | Number Of Pieces: 1 Pc | | Product Feature: Clinically-Proven Effectiveness For Specific Health Concerns | | Japanese Pain Relief Gel |,,5.0,,,,,,,,,,,,,,,,,,,,,
,,,,,,,,,,,,,Standard Size / Off White,PV_MZ1013200235ZBSP_standard-size_off-white,830.0,,100,TRUE,https://content.public.markaz.app/markazimagevideo/public/products/1013-223-684720-product-1.webp,,,,,Size,Standard Size,Color,Off White,,
,,,,,,,,,,,,,Standard Size / Black,PV_MZ5600000141ALSNLSGS_standard-size_black,1110.0,,100,TRUE,"https://content.public.markaz.app/markazimagevideo/public/thumbnails/products/56-223-559908-product-2.jpeg,https://content.public.markaz.app/markazimagevideo/public/thumbnails/products/56-223-559908-product-1-withcode.jpeg,https://content.public.markaz.app/markazimagevideo/public/thumbnails/products/56-223-559908-product-3.jpeg,https://content.public.markaz.app/markazimagevideo/public/thumbnails/products/56-223-559908-product-4.jpeg,https://content.public.markaz.app/markazimagevideo/public/products/56-223-559908-product-1.jpeg,https://content.public.markaz.app/markazimagevideo/public/thumbnails/products/56-223-559908-product-1.jpeg",,,,,Size,Standard Size,Color,Black,,
,,,,,,,,,,,,,Standard Size / Off White,PV_MZ100400366LHLE_standard-size_off-white,749.0,,4,TRUE,https://content.public.markaz.app/markazimagevideo/public/products/1004-223-667013-product-1.webp,,,,,Size,Standard Size,Color,Off White,,
,,,,,,,,,,,,,Standard Size / Black,PV_MZ1013200206ZBSP_standard-size_black,650.0,,100,TRUE,https://content.public.markaz.app/markazimagevideo/public/products/1013-223-677825-product-1.webp,,,,,Size,Standard Size,Color,Black,,
,,,,,,,,,,,,,Standard Size / Red,PV_MZ608200189SHBS_standard-size_red,1099.0,,100,TRUE,https://content.public.markaz.app/markazimagevideo/public/products/608-223-694638-product-1.webp,,,,,Size,Standard Size,Color,Red,,
,,,,,,,,,,,,,Standard Size / Off White,PV_MZ1013200205ZBSP_standard-size_off-white,909.0,,100,TRUE,https://content.public.markaz.app/markazimagevideo/public/products/1013-223-677824-product-1.webp,,,,,Size,Standard Size,Color,Off White,,
,,,,,,,,,,,,,Standard Size / White,PV_MZ22100000208MSEE_standard-size_white,590.0,,100,TRUE,"https://content.public.markaz.app/markazimagevideo/public/thumbnails/products/221-223-677610-product-1-withcode.webp,https://content.public.markaz.app/markazimagevideo/public/thumbnails/products/221-223-677610-product-5.webp,https://content.public.markaz.app/markazimagevideo/public/thumbnails/products/221-223-677610-product-3.webp,https://content.public.markaz.app/markazimagevideo/public/thumbnails/products/221-223-677610-product-4.webp,https://content.public.markaz.app/markazimagevideo/public/thumbnails/products/221-223-677610-product-2.webp,https://content.public.markaz.app/markazimagevideo/public/thumbnails/products/221-223-677610-product-1.webp,https://content.public.markaz.app/markazimagevideo/public/products/221-223-677610-product-1.webp",,,,,Size,Standard Size,Color,White,,
,,,,,,,,,,,,,Adjustable / Black,PV_MZ1518200026BGSE_adjustable_black,1300.0,,100,TRUE,https://content.public.markaz.app/markazimagevideo/public/products/1518-223-512359-product-1.jpg,,,,,Size,Adjustable,Color,Black,,
,,,,,,,,,,,,,Standard Size / Off White,PV_MZ22100000196MSEE_standard-size_off-white,909.0,,100,TRUE,https://content.public.markaz.app/markazimagevideo/public/products/221-223-664949-product-1.webp,,,,,Size,Standard Size,Color,Off White,,
,,,,,,,,,,,,,Standard Size / White,PV_MZ1013200196ZBSP_standard-size_white,589.0,,100,TRUE,"https://content.public.markaz.app/markazimagevideo/public/thumbnails/products/1013-223-677807-product-4.webp,https://content.public.markaz.app/markazimagevideo/public/thumbnails/products/1013-223-677807-product-1-withcode.webp,https://content.public.markaz.app/markazimagevideo/public/products/1013-223-677807-product-1.webp,https://content.public.markaz.app/markazimagevideo/public/thumbnails/products/1013-223-677807-product-5.webp,https://content.public.markaz.app/markazimagevideo/public/thumbnails/products/1013-223-677807-product-2.webp,https://content.public.markaz.app/markazimagevideo/public/thumbnails/products/1013-223-677807-product-3.webp,https://content.public.markaz.app/markazimagevideo/public/thumbnails/products/1013-223-677807-product-1.webp",,,,,Size,Standard Size,Color,White,,
,,,,,,,,,,,,,Standard Size / White,PV_MZ1013200236ZBSP_standard-size_white,645.0,,100,TRUE,"https://content.public.markaz.app/markazimagevideo/public/thumbnails/products/1013-223-684722-product-1-withcode.webp,https://content.public.markaz.app/markazimagevideo/public/products/1013-223-684722-product-1.webp,https://content.public.markaz.app/markazimagevideo/public/thumbnails/products/1013-223-684722-product-4.webp,https://content.public.markaz.app/markazimagevideo/public/thumbnails/products/1013-223-684722-product-5.webp,https://content.public.markaz.app/markazimagevideo/public/thumbnails/products/1013-223-684722-product-1.webp,https://content.public.markaz.app/markazimagevideo/public/thumbnails/products/1013-223-684722-product-3.webp,https://content.public.markaz.app/markazimagevideo/public/thumbnails/products/1013-223-684722-product-2.webp",,,,,Size,Standard Size,Color,White,,
,,,,,,,,,,,,,Standard Size / Off White,PV_MZ1013200201ZBSP_standard-size_off-white,855.0,,100,TRUE,https://content.public.markaz.app/markazimagevideo/public/products/1013-223-677817-product-1.webp,,,,,Size,Standard Size,Color,Off White,,
,,,,,,,,,,,,,Standard / Black,PV_MZ252200021GS_standard_black,1180.0,,10,TRUE,"https://content.public.markaz.app/markazimagevideo/public/thumbnails/products/252-223-557328-product-1-withcode.jpeg,https://content.public.markaz.app/markazimagevideo/public/thumbnails/products/252-223-557328-product-8.jpeg,https://content.public.markaz.app/markazimagevideo/public/thumbnails/products/252-223-557328-product-2.jpeg,https://content.public.markaz.app/markazimagevideo/public/products/252-223-557328-product-1.jpeg,https://content.public.markaz.app/markazimagevideo/public/thumbnails/products/252-223-557328-product-4.jpeg,https://content.public.markaz.app/markazimagevideo/public/thumbnails/products/252-223-557328-product-5.jpeg,https://content.public.markaz.app/markazimagevideo/public/thumbnails/products/252-223-557328-product-6.jpeg,https://content.public.markaz.app/markazimagevideo/public/thumbnails/products/252-223-557328-product-3.jpeg,https://content.public.markaz.app/markazimagevideo/public/thumbnails/products/252-223-557328-product-7.jpeg,https://content.public.markaz.app/markazimagevideo/public/thumbnails/products/252-223-557328-product-1.jpeg",,,,,Color,Black,Size,Standard,,
,,,,,,,,,,,,,Standard Size / Brown,PV_MZ1347200406CNCS_standard-size_brown,960.0,,100,TRUE,"https://content.public.markaz.app/markazimagevideo/public/products/1347-223-567895-product-1.jpg,https://content.public.markaz.app/markazimagevideo/public/thumbnails/products/1347-223-567895-product-1.jpg,https://content.public.markaz.app/markazimagevideo/public/thumbnails/products/1347-223-567895-product-3.jpg,https://content.public.markaz.app/markazimagevideo/public/thumbnails/products/1347-223-567895-product-5.jpg,https://content.public.markaz.app/markazimagevideo/public/thumbnails/products/1347-223-567895-product-4.jpg,https://content.public.markaz.app/markazimagevideo/public/thumbnails/products/1347-223-567895-product-6.jpg",,,,,Size,Standard Size,Color,Brown,,
,,,,,,,,,,,,,Standard Size / Off White,PV_MZ1180200213HSTS_standard-size_off-white,879.0,,85,TRUE,https://content.public.markaz.app/markazimagevideo/public/products/1180-223-667065-product-1.webp,,,,,Size,Standard Size,Color,Off White,,
Finger Gripper Exerciser,finger-gripper-exerciser,,Hand Gripper Resistant Levels Recovery Physical Tools Hand Strengthener Home & Gym,,Health Accessories,"Material: Silicone | | Product Details: High-Quality Material, Portable And Lightweight Design, 3 Resistant Levels To Choose From |",,4.2,,,,,,,,,,,,,,,,,,,,,
,,,,,,,,,,,,,Standard / Black,PV_MZ49200380AFTRD_standard_black,628.0,,10,TRUE,https://content.public.markaz.app/markazimagevideo/public/products/511-223-267766-product-1.jpeg,,,,,Size,Standard,Color,Black,,
Adjustable Settings To Accommodate Individual Preferences Blood Pressure Monitor,adjustable-settings-to-accommodate-individual-preferences-blood-pressure-monitor,,Measurement Range:  Accuracy  Inflation:Air Release:Pressure Detection:  Storage capacity  Power supply:Battery life span:  Operating Temperatureand Humidity:Transportation andstorage temperature& humidity:Atmospheric pressurein operating:  Atmospheric pressurein transporting &storaging:  Weight of Main Unit:External Dimensions:  Acceptablecircumference of wrist:Electric shook  protection:Accessor,,Health Accessories,Material: ABS Plastic | | Number Of Pieces: 1 Pc | | Product Feature: Adjustable Settings To Accommodate Individual Preferences | | Length: 8.3 Cm | | Width: 8.1 Cm | | Height: 9.1 Cm | | Capacity: 1 Cubic |,,5.0,,,,,,,,,,,,,,,,,,,,,
,,,,,,,,,,,,,Adjustable / White,PV_MZ85400000017ZMZMSR_adjustable_white,3020.0,,10,TRUE,"https://content.public.markaz.app/markazimagevideo/public/thumbnails/products/854-223-487090-product-4.jpg,https://content.public.markaz.app/markazimagevideo/public/thumbnails/products/854-223-487090-product-1.jpg,https://content.public.markaz.app/markazimagevideo/public/thumbnails/products/854-223-487090-product-3.jpg,https://content.public.markaz.app/markazimagevideo/public/thumbnails/products/854-223-487090-product-1-withcode.jpg,https://content.public.markaz.app/markazimagevideo/public/thumbnails/products/854-223-487090-product-2.jpg,https://content.public.markaz.app/markazimagevideo/public/products/854-223-487090-product-1.jpg",,9.1,8.1,,Size,Adjustable,Color,White,,
Japanese Joint Pain Relief Gel,japanese-joint-pain-relief-gel,,Number Of Pieces: 1 Pc Product Feature: Clinically-Proven Effectiveness For Specific Health Concerns,,Health Accessories,Material: Gel | | Number Of Pieces: 1 Pc | | Product Feature: Clinically-Proven Effectiveness For Specific Health Concerns |,,5.0,,,,,,,,,,,,,,,,,,,,,
,,,,,,,,,,,,,Standard Size / Off White,PV_MZ608200136SHBS_standard-size_off-white,909.0,,100,TRUE,https://content.public.markaz.app/markazimagevideo/public/products/608-223-650891-product-1.webp,,,,,Size,Standard Size,Color,Off White,,
,,,,,,,,,,,,,Standard Size / White,PV_MZ1180200204HSTS_standard-size_white,909.0,,100,TRUE,https://content.public.markaz.app/markazimagevideo/public/products/1180-223-650880-product-1.webp,,,,,Size,Standard Size,Color,White,,
"Blood Glucose Monitor Glucometer, Ture Answer glucometer with 5 free strips, Life time warranty sugar checking machine",blood-glucose-monitor-glucometer-ture-answer-glucometer-with-5-free-strips-life-time-warranty-sugar-,,Tow side blood sampling places convenient for booth hand operation Risk indication Very small blood sample Per-meal memory Post-meal memory Automatic coding 6 months warranty Large memory capacity 8 second testing time The GLM- 78 blood glucose meter is designed to quantitatively measure the concentration of glucose in capillary whole blood by people with diabetes or by healthcare professionals fo,,Health Accessories,Material: ABS Plastic | | Number Of Pieces: 1 Pc | | Length: 10 Inches | | Width: 7 Inches | | Height: 4 Inches | | Tow side blood sampling places convenient for booth hand operation | | Risk indication | | Very small blood sample | | Per-meal memory | | Post-meal memory | | Automatic coding | | 6 months warranty | | Large memory capacity | | 8 second testing time | | The GLM- 78 blood glucose meter is designed to quantitatively measure the concentration of glucose in capillary whole blood by people with diabetes or by healthcare professionals for monitoring blood glucose at home or in healthcare facilities. |,,5.0,,,,,,,,,,,,,,,,,,,,,
,,,,,,,,,,,,,Standard Size / Blue,PV_MZ1872200011MRT_standard-size_blue,1809.0,,100,TRUE,https://content.public.markaz.app/markazimagevideo/public/products/1872-223-679990-product-1.webp,,4,7,,Size,Standard Size,Color,Blue,,
Clinically Proven Varicose Veins Patch,clinically-proven-varicose-veins-patch,,"Experience the clinical effectiveness of our Varicose Veins Patch, designed to promote wellness and self-care. This pack includes 2 easy-to-use patches made from latex, offering support for specific health concerns. Ideal for anyone seeking relief and comfort, these patches are a simple solution to incorporate into your self-care routine.",,Health Accessories,"Material: Latex | | Number Of Pieces: 2 Pcs | | Product Feature: Clinically-Proven Effectiveness For Specific Health Concerns, Promotes Wellness And Self-Care |",,5.0,,,,,,,,,,,,,,,,,,,,,
,,,,,,,,,,,,,Standard Size / Brown,PV_MZ1408200376IATS_standard-size_brown,990.0,,1,TRUE,"https://content.public.markaz.app/markazimagevideo/public/thumbnails/products/1408-223-562433-product-6.jpg,https://content.public.markaz.app/markazimagevideo/public/thumbnails/products/1408-223-562433-product-3.jpg,https://content.public.markaz.app/markazimagevideo/public/thumbnails/products/1408-223-562433-product-1.jpg,https://content.public.markaz.app/markazimagevideo/public/products/1408-223-562433-product-1.jpg,https://content.public.markaz.app/markazimagevideo/public/thumbnails/products/1408-223-562433-product-4.jpg,https://content.public.markaz.app/markazimagevideo/public/thumbnails/products/1408-223-562433-product-5.jpg",,,,,Size,Standard Size,Color,Brown,,
6 Pcs Ear Wax Cleaning Pick Tools Kit,6-pcs-ear-wax-cleaning-pick-tools-kit,,Maintain Ear Hygiene With This 6-Piece Ear Wax Cleaning Kit.,,Health Accessories,Material: Stainless Steel | | Product Type: Ear Wax Cleaning Kit | | Product Details: Maintain ear hygiene with this 6-piece ear wax cleaning kit. |,,4.5,,,,,,,,,,,,,,,,,,,,,
,,,,,,,,,,,,,10cm x10cm x5cm / Standard,PV_MZ57500141ONKHI_10cm-x10cm-x5cm_standard,539.0,,10,TRUE,"https://content.public.markaz.app/markazimagevideo/public/products/594-223-265503-product-4.jpg,https://content.public.markaz.app/markazimagevideo/public/thumbnails/products/594-223-265503-product-3.jpg,https://content.public.markaz.app/markazimagevideo/public/thumbnails/products/594-223-265503-product-1.jpg,https://content.public.markaz.app/markazimagevideo/public/thumbnails/products/594-223-265503-product-4-withcode.jpg,https://content.public.markaz.app/markazimagevideo/public/thumbnails/products/594-223-265503-product-4.jpg,https://content.public.markaz.app/markazimagevideo/public/thumbnails/products/594-223-265503-product-5.jpg,https://content.public.markaz.app/markazimagevideo/public/thumbnails/products/594-223-265503-product-2.ini",,,,,Size,10cm x10cm x5cm,Color,Standard,,
Portable Nebulizer,portable-nebulizer,,"? . Protecting against leaks: When flling the medicine cup with medicine, ensure that you do not exceed the maximum mark (8m),. The recommended filling amount is between 2ml and 8ml. During use, tilt the device up to a maximum angle of 45° in any direction without impaining its nebulizing function or the success of the treatment. However, please try to hold the device as upright as much as possibl",,Health Accessories,Material: ABS Plastic | | Number Of Pieces: 1 Pc | | Product Feature: Portable |,,5.0,,,,,,,,,,,,,,,,,,,,,
,,,,,,,,,,,,,Standard / White,PV_MZ85400000060ZMZMSR_standard_white,1900.0,,100,TRUE,"https://content.public.markaz.app/markazimagevideo/public/thumbnails/products/854-223-699928-product-10.webp,https://content.public.markaz.app/markazimagevideo/public/products/854-223-699928-product-1.webp,https://content.public.markaz.app/markazimagevideo/public/thumbnails/products/854-223-699928-product-9.webp,https://content.public.markaz.app/markazimagevideo/public/thumbnails/products/854-223-699928-product-1.webp,https://content.public.markaz.app/markazimagevideo/public/thumbnails/products/854-223-699928-product-7.webp,https://content.public.markaz.app/markazimagevideo/public/thumbnails/products/854-223-699928-product-8.webp,https://content.public.markaz.app/markazimagevideo/public/thumbnails/products/854-223-699928-product-3.webp,https://content.public.markaz.app/markazimagevideo/public/thumbnails/products/854-223-699928-product-4.webp,https://content.public.markaz.app/markazimagevideo/public/thumbnails/products/854-223-699928-product-6.webp,https://content.public.markaz.app/markazimagevideo/public/thumbnails/products/854-223-699928-product-5.webp",,,,,Color,White,Size,Standard,,
,,,,,,,,,,,,,Standard / Blue,PV_MZ2065200010HA_standard_blue,1205.0,,1,TRUE,"https://content.public.markaz.app/markazimagevideo/public/thumbnails/products/2065-223-689017-product-4.webp,https://content.public.markaz.app/markazimagevideo/public/thumbnails/products/2065-223-689017-product-3.webp,https://content.public.markaz.app/markazimagevideo/public/thumbnails/products/2065-223-689017-product-6.webp,https://content.public.markaz.app/markazimagevideo/public/thumbnails/products/2065-223-689017-product-7.webp,https://content.public.markaz.app/markazimagevideo/public/products/2065-223-689017-product-1.webp,https://content.public.markaz.app/markazimagevideo/public/thumbnails/products/2065-223-689017-product-1.webp,https://content.public.markaz.app/markazimagevideo/public/thumbnails/products/2065-223-689017-product-2.webp,https://content.public.markaz.app/markazimagevideo/public/thumbnails/products/2065-223-689017-product-5.webp",,5,10,,Color,Blue,Size,Standard,,
Japanese Joint Pain Relief Cream,japanese-joint-pain-relief-cream,,Number Of Pieces: 1 Pc,,Health Accessories,Material: ABS Plastic | | Number Of Pieces: 1 Pc |,,5.0,,,,,,,,,,,,,,,,,,,,,
,,,,,,,,,,,,,Standard / Green,PV_MZ67400000316CYCH_standard_green,789.0,,191,TRUE,"https://content.public.markaz.app/markazimagevideo/public/thumbnails/products/674-223-677600-product-4.webp,https://content.public.markaz.app/markazimagevideo/public/thumbnails/products/674-223-677600-product-3.webp,https://content.public.markaz.app/markazimagevideo/public/thumbnails/products/674-223-677600-product-1.webp,https://content.public.markaz.app/markazimagevideo/public/thumbnails/products/674-223-677600-product-5.webp,https://content.public.markaz.app/markazimagevideo/public/products/674-223-677600-product-1.webp,https://content.public.markaz.app/markazimagevideo/public/thumbnails/products/674-223-677600-product-2.webp",,,,,Color,Green,Size,Standard,,
,,,,,,,,,,,,,Standard Size / Green,PV_MZ19900000145RAAS_standard-size_green,810.0,,100,TRUE,https://content.public.markaz.app/markazimagevideo/public/products/199-223-674621-product-1.webp,,,,,Size,Standard Size,Color,Green,,
,,,,,,,,,,,,,Standard Size / Off White,PV_MZ1209200085PEBY_standard-size_off-white,879.0,,100,TRUE,https://content.public.markaz.app/markazimagevideo/public/products/1209-223-667092-product-1.webp,,,,,Size,Standard Size,Color,Off White,,
Portable For On,portable-for-on,,"Number Of Pieces: 1 Pc Product Feature: Portable For On-The-Go Use, Durable And Reliable Materials, Easy To Use And Maintain",,Health Accessories,"Material: Silicone | | Number Of Pieces: 1 Pc | | Product Feature: Portable For On-The-Go Use, Durable And Reliable Materials, Easy To Use And Maintain |",,5.0,,,,,,,,,,,,,,,,,,,,,
,,,,,,,,,,,,,Standard Size / Black,PV_MZ1172200015SE_standard-size_black,660.0,,100,TRUE,https://content.public.markaz.app/markazimagevideo/public/products/1172-223-465872-product-1.jpg,,,,,Size,Standard Size,Color,Black,,
Japanese Soothing Massage Jel,japanese-soothing-massage-jel,,"Japanese Soothing Massage Gel offers a calming blend designed to relax tense muscles, boost circulation & ease fatigue. Its non-sticky formula absorbs quickly into the skin, leaving a refreshing & spa like cooling sensation for deep comfort and recovery.",,Health Accessories,Material: Gel | | Number Of Pieces: 1 Pc |,,5.0,,,,,,,,,,,,,,,,,,,,,
,,,,,,,,,,,,,Standard Size / Off White,PV_MZ1472200114NETSWS_standard-size_off-white,809.0,,11,TRUE,https://content.public.markaz.app/markazimagevideo/public/products/1472-223-690342-product-1.webp,,,,,Size,Standard Size,Color,Off White,,
Scalpel,scalpel,,Number Of Pieces: 1 Pc,,Health Accessories,Material: Stainless Steel | | Number Of Pieces: 1 Pc |,,5.0,,,,,,,,,,,,,,,,,,,,,
,,,,,,,,,,,,,Standard / Silver,PV_MZ1338200075EEWD_standard_silver,760.0,,1,TRUE,https://content.public.markaz.app/markazimagevideo/public/products/1338-223-639803-product-1.webp,,,,,Color,Silver,Size,Standard,,
Clinically Proven Belly Fat Burner Belt,clinically-proven-belly-fat-burner-belt,,"Discover the power of our Belly Fat Burner Belt designed for safety and effectiveness. This 1 Pc lightweight accessory is perfect for on-the-go use, promoting wellness and supporting various health needs. Enjoy a portable solution that enhances your comfort with every wear. Take the first step towards your health goals with our innovative technology today!",,Health Accessories,Material: ABS Plastic | | Number Of Pieces: 1 Pc | | * Belly Slim Patch | | * Abdomen Fat Burning | | * Weight Loss Slimmer Tool |,,5.0,,,,,,,,,,,,,,,,,,,,,
,,,,,,,,,,,,,Standard Size / Brown,PV_MZ1347200387CNCS_standard-size_brown,1250.0,,99,TRUE,"https://content.public.markaz.app/markazimagevideo/public/thumbnails/products/1347-223-560631-product-3.jpeg,https://content.public.markaz.app/markazimagevideo/public/thumbnails/products/1347-223-560631-product-5.jpeg,https://content.public.markaz.app/markazimagevideo/public/thumbnails/products/1347-223-560631-product-4.jpeg,https://content.public.markaz.app/markazimagevideo/public/thumbnails/products/1347-223-560631-product-2.jpeg,https://content.public.markaz.app/markazimagevideo/public/products/1347-223-560631-product-1.jpeg,https://content.public.markaz.app/markazimagevideo/public/thumbnails/products/1347-223-560631-product-1.jpeg,https://content.public.markaz.app/markazimagevideo/public/thumbnails/products/1347-223-560631-product-1-withcode.jpeg,https://content.public.markaz.app/markazimagevideo/public/thumbnails/products/1347-223-560631-product-6.jpeg",,,,,Size,Standard Size,Color,Brown,,
Toe Wraps Fabric Band,toe-wraps-fabric-band,,"These skin-colored toe wraps provide gentle support and protection for your toes. Ideal for everyday use, they are designed to enhance comfort and promote healing.",,Health Accessories,"Material: Nylon | | Number Of Pieces: 2 Pcs | | Product Feature: Durable And Reliable Materials, Easy To Use And Maintain |",,5.0,,,,,,,,,,,,,,,,,,,,,
,,,,,,,,,,,,,Standard Size / Beige,PV_MZ1338200046EEWD_standard-size_beige,680.0,,1,TRUE,https://content.public.markaz.app/markazimagevideo/public/products/1338-223-473769-product-1.jpg,,,,,Size,Standard Size,Color,Beige,,
Easy To Use 1 Pc Headache Relief Patch,easy-to-use-1-pc-headache-relief-patch,,"Discover the comfort of our Headache Relief Patch made from soft, breathable cotton. Easy to use and maintain, this patch offers effective relief for headaches, ensuring convenience at your fingertips. Perfect for daily use or travel, this multicolor patch is designed for users seeking a simple yet effective solution to manage discomfort.",,Health Accessories,Material: Cotton | | Number Of Pieces: 1 Pc | | Product Feature: Easy To Use And Maintain |,,5.0,,,,,,,,,,,,,,,,,,,,,
,,,,,,,,,,,,,Free Size / Multicolor,PV_MZ1518200407BGSE_standard_standard,1309.0,,100,TRUE,"https://content.public.markaz.app/markazimagevideo/public/thumbnails/products/1518-223-627099-product-2.jpeg,https://content.public.markaz.app/markazimagevideo/public/thumbnails/products/1518-223-627099-product-4.jpeg,https://content.public.markaz.app/markazimagevideo/public/thumbnails/products/1518-223-627099-product-1.jpeg,https://content.public.markaz.app/markazimagevideo/public/thumbnails/products/1518-223-627099-product-5.jpeg,https://content.public.markaz.app/markazimagevideo/public/thumbnails/products/1518-223-627099-product-1-withcode.jpeg,https://content.public.markaz.app/markazimagevideo/public/thumbnails/products/1518-223-627099-product-3.jpeg,https://content.public.markaz.app/markazimagevideo/public/products/1518-223-627099-product-1.jpeg",,,,,Size,Free Size,Color,Multicolor,,
3 Pcs Multi,3-pcs-multi,,"Experience the benefits of our 3 Pcs Icing Caps, designed to promote wellness and self-care. Crafted from gel material, these caps provide soothing relief and comfort for various health needs. Their vibrant multicolor design not only makes them fun but also a perfect addition to your self-care routine. Enjoy a healthier, happier you with this essential product.",,Health Accessories,Material: Gel | | Number Of Pieces: 3 Pcs | | Product Feature: Promotes Wellness And Self-Care |,,5.0,,,,,,,,,,,,,,,,,,,,,
,,,,,,,,,,,,,Standard / Multicolor,PV_MZ51100000447AFTS_standard_standard,2435.0,,10,TRUE,"https://content.public.markaz.app/markazimagevideo/public/thumbnails/products/511-223-619070-product-8.jpg,https://content.public.markaz.app/markazimagevideo/public/thumbnails/products/511-223-619070-product-2.jpg,https://content.public.markaz.app/markazimagevideo/public/thumbnails/products/511-223-619070-product-9.jpg,https://content.public.markaz.app/markazimagevideo/public/thumbnails/products/511-223-619070-product-1.jpg,https://content.public.markaz.app/markazimagevideo/public/thumbnails/products/511-223-619070-product-7.jpg,https://content.public.markaz.app/markazimagevideo/public/products/511-223-619070-product-1.jpg,https://content.public.markaz.app/markazimagevideo/public/thumbnails/products/511-223-619070-product-5.jpg,https://content.public.markaz.app/markazimagevideo/public/thumbnails/products/511-223-619070-product-6.jpg,https://content.public.markaz.app/markazimagevideo/public/thumbnails/products/511-223-619070-product-1-withcode.jpg,https://content.public.markaz.app/markazimagevideo/public/thumbnails/products/511-223-619070-product-4.jpg,https://content.public.markaz.app/markazimagevideo/public/thumbnails/products/511-223-619070-product-3.jpg",,,,,Color,Multicolor,Size,Standard,,
3 Pcs Multicolor Cotton Face Masks,3-pcs-multicolor-cotton-face-masks,,"Stay protected and stylish with our set of 3 multicolor cotton face masks. These masks are designed for safety and effectiveness, ensuring comfort for all-day wear. Perfect for various lifestyles, these lightweight and breathable masks are ideal for everyday use, travel, or storage. Elevate your health and wellness routine with these reusable face masks!",,Health Accessories,"Material: Cotton | | Number Of Pieces: 3 Pcs | | This pack includes 3 cotton printed face masks in random colors and designs. Each mask is soft, breathable, and comfortable to wear all day. You can wash and reuse them again and again. | | Perfect for school, work, travel, or daily use. |",,5.0,,,,,,,,,,,,,,,,,,,,,
,,,,,,,,,,,,,Standard / Multicolor,PV_MZ1771200003LASE_standard_standard,1209.0,,100,TRUE,https://content.public.markaz.app/markazimagevideo/public/products/1771-223-666675-product-1.webp,,,,,Color,Multicolor,Size,Standard,,
1 Pc Joint Pain Relief Oil - Clinically Proven & Affordable Solutions for Specific Health Concerns,1-pc-joint-pain-relief-oil---clinically-proven-affordable-solutions-for-specific-health-concerns,,"Experience relief with our Joint Pain Relief Oil, specially formulated for effective support against specific health concerns. This liquid oil is both breathable and hypoallergenic, making it ideal for sensitive skin. Affordable and easy to use, it's an essential addition to your wellness routine, providing comfort and care whenever you need it.",,Health Accessories,"Material: Liquid | | Number Of Pieces: 1 Pc | | Product Feature: Clinically-Proven Effectiveness For Specific Health Concerns, Breathable And Hypoallergenic Materials For Sensitive Skin, Affordable And Accessible Solutions |",,5.0,,,,,,,,,,,,,,,,,,,,,
,,,,,,,,,,,,,Standard Size / Yellow,PV_MZ100400277LHLE_standard-size_yellow,830.0,,10,TRUE,https://content.public.markaz.app/markazimagevideo/public/products/1004-223-601195-product-1.jpeg,,,,,Size,Standard Size,Color,Yellow,,
Islam prayers used metal folding chair Muslim chairs- Namaz Chair - Study Chair - Hajj & Umrah Chair,islam-prayers-used-metal-folding-chair-muslim-chairs--namaz-chair---study-chair---hajj-umrah-chair,,"Number Of Pieces: 1 Pc Foldable Chair Easy to Carry Can be used as Namaz and Study Chair Beautiful design also suitable for living Room, Outdoor sittings Best for Donations & Charity regarding Mosques / Masjid Occupy less space Perfect for Indoor & Outdoor use both",,Health Accessories,"Material: Aluminium, Stainless Steel | | Number Of Pieces: 1 Pc | | Foldable Chair | | Easy to Carry | | Can be used as Namaz and Study Chair | | Beautiful design also suitable for living Room, Outdoor sittings | | Best for Donations & Charity regarding Mosques / Masjid | | Occupy less space | | Perfect for Indoor & Outdoor use both |",,5.0,,,,,,,,,,,,,,,,,,,,,
,,,,,,,,,,,,,Standard / Red,PV_MZ2184200021HDSE_standard_red,5859.0,,1,TRUE,"https://content.public.markaz.app/markazimagevideo/public/products/2184-223-692722-product-1.webp,https://content.public.markaz.app/markazimagevideo/public/thumbnails/products/2184-223-692722-product-2.webp,https://content.public.markaz.app/markazimagevideo/public/thumbnails/products/2184-223-692722-product-5.webp,https://content.public.markaz.app/markazimagevideo/public/thumbnails/products/2184-223-692722-product-3.webp,https://content.public.markaz.app/markazimagevideo/public/thumbnails/products/2184-223-692722-product-4.webp,https://content.public.markaz.app/markazimagevideo/public/thumbnails/products/2184-223-692722-product-6.webp,https://content.public.markaz.app/markazimagevideo/public/thumbnails/products/2184-223-692722-product-1.webp",,,,,Color,Red,Size,Standard,,
Premium Silk Face Mask for Girls,premium-silk-face-mask-for-girls,,"Discover the ultimate protection with our Multicolor Face Mask. Crafted from soft cloth, this 1-piece face mask ensures comfort while accommodating various lifestyles. Designed for safety and effectiveness, it's an essential accessory for health and wellness. Perfect for daily wear or on-the-go use!",,Health Accessories,"Material: Silk | | Number Of Pieces: 1 Pc | | The nose contour design and soft, stretchable ear loops provide a secure yet comfortable fit. Ideal for special occasions, weddings and formal wear, travel, the workplace, and outdoor activities | | Ear Loops: Elastic Adjustable | | Hijabi girls can cover their faces with a smooth, soft, and skin-friendly mask. |",,5.0,,,,,,,,,,,,,,,,,,,,,
,,,,,,,,,,,,,Standard / Multicolor,PV_MZ1771200001LASE_standard_standard,909.0,,101,TRUE,https://content.public.markaz.app/markazimagevideo/public/products/1771-223-666361-product-1.webp,,,,,Color,Multicolor,Size,Standard,,
"Finger Gripper, Pack Of 10",finger-gripper-pack-of-10,,Number Of Pieces: 10 Pcs Length: 11.23 Cm Width: 3.5 Cm,,Health Accessories,Material: Synthetic Rubber | | Number Of Pieces: 10 Pcs | | Length: 11.23 Cm | | Width: 3.5 Cm |,,5.0,,,,,,,,,,,,,,,,,,,,,
,,,,,,,,,,,,,Standard / Black,PV_MZ51100000058AFTS_standard_black,2180.0,,10,TRUE,"https://content.public.markaz.app/markazimagevideo/public/thumbnails/products/511-223-450197-product-9.webp,https://content.public.markaz.app/markazimagevideo/public/products/511-223-450197-product-1.jpg,https://content.public.markaz.app/markazimagevideo/public/thumbnails/products/511-223-450197-product-2.jpg,https://content.public.markaz.app/markazimagevideo/public/thumbnails/products/511-223-450197-product-7.webp,https://content.public.markaz.app/markazimagevideo/public/thumbnails/products/511-223-450197-product-4.jpg,https://content.public.markaz.app/markazimagevideo/public/thumbnails/products/511-223-450197-product-8.webp,https://content.public.markaz.app/markazimagevideo/public/thumbnails/products/511-223-450197-product-1-withcode.jpg,https://content.public.markaz.app/markazimagevideo/public/thumbnails/products/511-223-450197-product-3.jpg,https://content.public.markaz.app/markazimagevideo/public/thumbnails/products/511-223-450197-product-1.jpg,https://content.public.markaz.app/markazimagevideo/public/thumbnails/products/511-223-450197-product-5.jpg,https://content.public.markaz.app/markazimagevideo/public/thumbnails/products/511-223-450197-product-6.webp",,,3.5,,Color,Black,Size,Standard,,
,,,,,,,,,,,,,Standard / Grey,PV_MZ51100000058AFTS_standard_grey,2180.0,,10,TRUE,"https://content.public.markaz.app/markazimagevideo/public/thumbnails/products/511-223-450197-product-9.webp,https://content.public.markaz.app/markazimagevideo/public/products/511-223-450197-product-1.jpg,https://content.public.markaz.app/markazimagevideo/public/thumbnails/products/511-223-450197-product-2.jpg,https://content.public.markaz.app/markazimagevideo/public/thumbnails/products/511-223-450197-product-7.webp,https://content.public.markaz.app/markazimagevideo/public/thumbnails/products/511-223-450197-product-4.jpg,https://content.public.markaz.app/markazimagevideo/public/thumbnails/products/511-223-450197-product-8.webp,https://content.public.markaz.app/markazimagevideo/public/thumbnails/products/511-223-450197-product-1-withcode.jpg,https://content.public.markaz.app/markazimagevideo/public/thumbnails/products/511-223-450197-product-3.jpg,https://content.public.markaz.app/markazimagevideo/public/thumbnails/products/511-223-450197-product-1.jpg,https://content.public.markaz.app/markazimagevideo/public/thumbnails/products/511-223-450197-product-5.jpg,https://content.public.markaz.app/markazimagevideo/public/thumbnails/products/511-223-450197-product-6.webp",,,3.5,,Color,Grey,Size,Standard,,
Adjustable Finger Exerciser,adjustable-finger-exerciser,,Number Of Pieces: 1 Pc Product Feature: Designed For Safety And Effectiveness,,Health Accessories,Material: ABS Plastic | | Number Of Pieces: 1 Pc | | Product Feature: Designed For Safety And Effectiveness |,,5.0,,,,,,,,,,,,,,,,,,,,,
,,,,,,,,,,,,,Standard / Black,PV_MZ1922200008TDAA_standard_black,2810.0,,2,TRUE,https://content.public.markaz.app/markazimagevideo/public/products/1922-223-678258-product-1.webp,,,,,Color,Black,Size,Standard,,
Promotes Wellness & Self,promotes-wellness-self,,"Experience soothing comfort with our gel icing cap, specially designed to promote wellness and self-care. This versatile product is perfect for alleviating discomfort and stresses of everyday life. Enjoy the benefits of targeted relief with its innovative gel material, all in a compact, easy-to-use form. Ideal for anyone seeking comfort and relaxation at home or on-the-go.",,Health Accessories,Material: Gel | | Number Of Pieces: 1 Pc | | Product Feature: Promotes Wellness And Self-Care |,,5.0,,,,,,,,,,,,,,,,,,,,,
,,,,,,,,,,,,,Standard / Multicolor,PV_MZ51100000445AFTS_standard_standard,1070.0,,10,TRUE,"https://content.public.markaz.app/markazimagevideo/public/thumbnails/products/511-223-619068-product-4.jpg,https://content.public.markaz.app/markazimagevideo/public/thumbnails/products/511-223-619068-product-1-withcode.jpg,https://content.public.markaz.app/markazimagevideo/public/thumbnails/products/511-223-619068-product-6.jpg,https://content.public.markaz.app/markazimagevideo/public/thumbnails/products/511-223-619068-product-2.jpg,https://content.public.markaz.app/markazimagevideo/public/thumbnails/products/511-223-619068-product-7.jpg,https://content.public.markaz.app/markazimagevideo/public/thumbnails/products/511-223-619068-product-1.jpg,https://content.public.markaz.app/markazimagevideo/public/thumbnails/products/511-223-619068-product-5.jpg,https://content.public.markaz.app/markazimagevideo/public/products/511-223-619068-product-1.jpg,https://content.public.markaz.app/markazimagevideo/public/thumbnails/products/511-223-619068-product-3.jpg,https://content.public.markaz.app/markazimagevideo/public/thumbnails/products/511-223-619068-product-8.jpg,https://content.public.markaz.app/markazimagevideo/public/thumbnails/products/511-223-619068-product-9.jpg",,,,,Color,Multicolor,Size,Standard,,
Pain Relief Spray,pain-relief-spray,,Number Of Pieces: 1 Pc,,Health Accessories,Material: Gel | | Number Of Pieces: 1 Pc |,,5.0,,,,,,,,,,,,,,,,,,,,,
,,,,,,,,,,,,,Standard Size / Red,PV_MZ1209200129PEBY_standard-size_red,1099.0,,100,TRUE,https://content.public.markaz.app/markazimagevideo/public/products/1209-223-694646-product-1.webp,,,,,Size,Standard Size,Color,Red,,
,,,,,,,,,,,,,Standard Size / Red,PV_MZ100400413LHLE_standard-size_red,1099.0,,100,TRUE,https://content.public.markaz.app/markazimagevideo/public/products/1004-223-694636-product-1.webp,,,,,Size,Standard Size,Color,Red,,
,,,,,,,,,,,,,Standard Size / Red,PV_MZ1180200256HSTS_standard-size_red,1099.0,,100,TRUE,https://content.public.markaz.app/markazimagevideo/public/products/1180-223-694690-product-1.webp,,,,,Size,Standard Size,Color,Red,,
,,,,,,,,,,,,,Standard Size / Red,PV_MZ1183200166CCCS_standard-size_red,1099.0,,100,TRUE,https://content.public.markaz.app/markazimagevideo/public/products/1183-223-694697-product-1.webp,,,,,Size,Standard Size,Color,Red,,
"Finger Gripper and Hand Gripper, Pack of 2",finger-gripper-and-hand-gripper-pack-of-2,,"Number Of Pieces: 1 Pc Take your hand and forearm strength to the next level with the Pack of 2 Hand Strengthener Grip and Finger Strengthener from Denovo Mart. Whether you're an athlete, musician, or simply looking to improve your overall hand strength, these exercisers are designed to target key muscles in your hands and fingers for enhanced performance and dexterity.",,Health Accessories,"Material: Silicone | | Number Of Pieces: 1 Pc | | Take your hand and forearm strength to the next level with the Pack of 2 Hand Strengthener Grip and Finger Strengthener from Denovo Mart. Whether you're an athlete, musician, or simply looking to improve your overall hand strength, these exercisers are designed to target key muscles in your hands and fingers for enhanced performance and dexterity. |",,5.0,,,,,,,,,,,,,,,,,,,,,
,,,,,,,,,,,,,Standard Size / Black,PV_MZ51100000070AFTS_standard-size_black,957.0,,100,TRUE,"https://content.public.markaz.app/markazimagevideo/public/thumbnails/products/511-223-452584-product-3.jpg,https://content.public.markaz.app/markazimagevideo/public/thumbnails/products/511-223-452584-product-1-withcode.jpg,https://content.public.markaz.app/markazimagevideo/public/thumbnails/products/511-223-452584-product-4.jpg,https://content.public.markaz.app/markazimagevideo/public/thumbnails/products/511-223-452584-product-2.jpg,https://content.public.markaz.app/markazimagevideo/public/products/511-223-452584-product-1.jpg,https://content.public.markaz.app/markazimagevideo/public/thumbnails/products/511-223-452584-product-1.jpg",,,,,Size,Standard Size,Color,Black,,
1 Pc Clinically,1-pc-clinically,,"Discover the power of our 1 Pc Joint Pain Relief Oil, designed with clinically-proven effectiveness for specific health concerns. This therapeutic oil not only targets joint pain, but also promotes overall wellness and self-care. Experience relief and embrace a healthier lifestyle with this essential addition to your self-care routine.",,Health Accessories,"Material: Oil | | Number Of Pieces: 1 Pc | | Product Feature: Clinically-Proven Effectiveness For Specific Health Concerns, Promotes Wellness And Self-Care | | Capacity: 30 ml |",,5.0,,,,,,,,,,,,,,,,,,,,,
,,,,,,,,,,,,,30 Ml / Brown,PV_MZ19900000088RAAS_30-ml_brown,890.0,,100,TRUE,https://content.public.markaz.app/markazimagevideo/public/products/199-223-541634-product-1.jpg,,,,,Size,30 Ml,Color,Brown,,
Joint Pain Relief Cream for Fast Relief,joint-pain-relief-cream-for-fast-relief,,"Discover effective relief with our Joint Pain Relief Cream. Ideal for those seeking affordable and accessible solutions for pain management. This compact formula is designed to provide comfort and convenience, ensuring you can keep moving freely. Experience soothing relief with just one application and improve your quality of life today!",,Health Accessories,Material: Gel | | Number Of Pieces: 1 Pc | | Product Feature: Affordable And Accessible Solutions | | Length: 2 Inches | | Width: 2 Inches | | Height: 2 Inches | | Capacity: 50 Ml |,,5.0,,,,,,,,,,,,,,,,,,,,,
,,,,,,,,,,,,,Free Size / White,PV_MZ22000000033BYGM_standard_white,709.0,,342,TRUE,"https://content.public.markaz.app/markazimagevideo/public/thumbnails/products/220-223-673002-product-5.webp,https://content.public.markaz.app/markazimagevideo/public/products/220-223-673002-product-1.webp,https://content.public.markaz.app/markazimagevideo/public/thumbnails/products/220-223-673002-product-1.webp,https://content.public.markaz.app/markazimagevideo/public/thumbnails/products/220-223-673002-product-3.webp,https://content.public.markaz.app/markazimagevideo/public/thumbnails/products/220-223-673002-product-6.webp,https://content.public.markaz.app/markazimagevideo/public/thumbnails/products/220-223-673002-product-2.webp,https://content.public.markaz.app/markazimagevideo/public/thumbnails/products/220-223-673002-product-4.webp",,2,2,,Size,Free Size,Color,White,,
Magnet Sugar Control Acupressure Point Clip,magnet-sugar-control-acupressure-point-clip,,Number Of Pieces: 2 Pcs,,Health Accessories,Material: ABS Plastic | | Number Of Pieces: 2 Pcs |,,5.0,,,,,,,,,,,,,,,,,,,,,
,,,,,,,,,,,,,Standard Size / Black,PV_MZ1474200076ZNCN_standard-size_black,1080.0,,292,TRUE,https://content.public.markaz.app/markazimagevideo/public/products/1474-223-587709-product-1.png,,,,,Size,Standard Size,Color,Black,,
1 Pc Electric Heating Belt for Period Cramps - Enhances Comfort & Convenience,1-pc-electric-heating-belt-for-period-cramps---enhances-comfort-convenience,,"Experience relief from menstrual pain with our Electric Period Cramp Heating Belt. Designed for easy use, it enhances comfort and convenience, allowing you to tackle your day with ease. Made from durable ABS plastic, it's portable and reliable for on-the-go comfort. Say goodbye to cramps and hello to peace with this innovative heating solution!",,Health Accessories,"Material: ABS Plastic | | Number Of Pieces: 1 Pc | | Product Feature: Enhances Comfort And Convenience, Portable, Durable And Reliable Materials, Easy To Use And Maintain |",,5.0,,,,,,,,,,,,,,,,,,,,,
,,,,,,,,,,,,,Standard / Pink,PV_MZ5600000229ALSNLSGS_standard_pink,3160.0,,1,TRUE,"https://content.public.markaz.app/markazimagevideo/public/thumbnails/products/56-223-609595-product-5.jpeg,https://content.public.markaz.app/markazimagevideo/public/thumbnails/products/56-223-609595-product-7.jpeg,https://content.public.markaz.app/markazimagevideo/public/products/56-223-609595-product-1.png,https://content.public.markaz.app/markazimagevideo/public/thumbnails/products/56-223-609595-product-3.png,https://content.public.markaz.app/markazimagevideo/public/thumbnails/products/56-223-609595-product-4.jpeg,https://content.public.markaz.app/markazimagevideo/public/thumbnails/products/56-223-609595-product-2.jpg,https://content.public.markaz.app/markazimagevideo/public/thumbnails/products/56-223-609595-product-1-withcode.png,https://content.public.markaz.app/markazimagevideo/public/thumbnails/products/56-223-609595-product-6.jpeg,https://content.public.markaz.app/markazimagevideo/public/thumbnails/products/56-223-609595-product-1.png",,,,,Color,Pink,Size,Standard,,
"Japanese Instant Pain Relief Soothing Massage Gel | Fast-Acting Muscle & Joint Comfort | With Mugwort Oil, Camphor & Lactic Acid | Relief for Back, Neck, Shoulders & Knees",japanese-instant-pain-relief-soothing-massage-gel-fast-acting-muscle-joint-comfort-with-mugwort-oil-,,"This Japanese-inspired pain relief gel is enriched with natural herbal extracts that help relax muscles, improve blood circulation, and reduce inflammation. Its non-sticky, lightweight texture spreads smoothly and absorbs quickly without leaving any residue. Ideal for body massage therapy, it helps ease stiffness, sprains, swelling, and overworked muscles. Safe for everyday use, it offers long-las",,Health Accessories,"Material: Gel | | Number Of Pieces: 1 Pc | | Product Feature: Affordable And Accessible Solutions, Compact And Lightweight For Travel Or Storage, User-Friendly Interfaces For Ease Of Operation | | Length: 5 Inches | | Width: 8 Inches | | Height: 1 Inches | | Instant Pain Relief – Fast-acting formula targets muscle and joint pain for quick relief and comfort. | | ? Natural Ingredients – Powered by Mugwort Oil, Camphor & Lactic Acid to naturally ease soreness and stiffness. | | ? Soothing Massage Gel – Ideal for daily massage on back, neck, shoulders, knees, legs, and joints. | | ? Non-Greasy & Quick Absorbing – Lightweight gel texture absorbs quickly without residue. | | ? Perfect for Active Lifestyles – Great for athletes, workers, travelers, and anyone dealing with tension or fatigue. |",,5.0,,,,,,,,,,,,,,,,,,,,,
,,,,,,,,,,,,,Standard / Multicolor,PV_MZ1787200055ZZJJTS_standard_standard,709.0,,4,TRUE,https://content.public.markaz.app/markazimagevideo/public/products/1787-223-687598-product-1.webp,,1,8,,Color,Multicolor,Size,Standard,,
72 Pcs Clinically,72-pcs-clinically,,"Discover effective skin tag removal with our 72 pcs gel Skin Tag Remover. Designed for convenience and safety, this clinically-proven product is easy to use and maintain, promoting wellness and self-care. Achieve clear skin effortlessly with our reliable skin tag solution—your journey to healthier skin starts here!",,Health Accessories,"Material: Gel | | Number Of Pieces: 72 Pcs | | Product Feature: Clinically-Proven Effectiveness For Specific Health Concerns, Easy To Use And Maintain, Promotes Wellness And Self-Care |",,5.0,,,,,,,,,,,,,,,,,,,,,
,,,,,,,,,,,,,Standard / White,PV_MZ5600000326ALSNLSGS_standard_white,735.0,,99,TRUE,https://content.public.markaz.app/markazimagevideo/public/products/56-223-674425-product-1.webp,,,,,Color,White,Size,Standard,,
Ladies Fancy Face Mask,ladies-fancy-face-mask,,Number Of Pieces: 4 Pcs,,Health Accessories,Material: Cotton | | Number Of Pieces: 4 Pcs |,,5.0,,,,,,,,,,,,,,,,,,,,,
,,,,,,,,,,,,,Standard Size / Multicolor,PV_MZ1288200046HDCN_standard-size_standard,707.0,,100,TRUE,https://content.public.markaz.app/markazimagevideo/public/products/1288-223-450926-product-1.jpg,,,,,Size,Standard Size,Color,Multicolor,,
,,,,,,,,,,,,,Standard / Multicolor,PV_MZ68100006HIHY_standard_standard,707.0,,100,TRUE,https://content.public.markaz.app/markazimagevideo/public/products/681-223-355961-product-1.jpg,,,,,Color,Multicolor,Size,Standard,,
Japenese Joint Pain Relief Cream,japenese-joint-pain-relief-cream,,Number Of Pieces: 1 Pc Product Feature: Clinically-Proven Effectiveness For Specific Health Concerns,,Health Accessories,Material: Gel | | Number Of Pieces: 1 Pc | | Product Feature: Clinically-Proven Effectiveness For Specific Health Concerns |,,5.0,,,,,,,,,,,,,,,,,,,,,
,,,,,,,,,,,,,Standard Size / Off White,PV_MZ608200146SHBS_standard-size_off-white,889.0,,100,TRUE,https://content.public.markaz.app/markazimagevideo/public/products/608-223-667078-product-1.webp,,,,,Size,Standard Size,Color,Off White,,
Mosquito Repellent Watch For Kid's,mosquito-repellent-watch-for-kids,,Mosquito Repellent Watch,,Health Accessories,"Material: Plastic | | Product Type: Mosquito Repellent Watch | | Product Details: Anti Mosquito, Protects Against Mosquitos, Easy To Wear |",,4.5,,,,,,,,,,,,,,,,,,,,,
,,,,,,,,,,,,,Standard Size / Standard,PV_MZ49200401AFTRD_standard-size_standard,570.0,,100,TRUE,"https://content.public.markaz.app/markazimagevideo/public/products/511-223-275654-product-1.jpeg,https://content.public.markaz.app/markazimagevideo/public/thumbnails/products/511-223-275654-product-1.jpeg,https://content.public.markaz.app/markazimagevideo/public/thumbnails/products/511-223-275654-product-4.jpeg,https://content.public.markaz.app/markazimagevideo/public/thumbnails/products/511-223-275654-product-2.jpeg,https://content.public.markaz.app/markazimagevideo/public/thumbnails/products/511-223-275654-product-5.jpeg,https://content.public.markaz.app/markazimagevideo/public/thumbnails/products/511-223-275654-product-3.jpeg",,,,,Size,Standard Size,Color,Standard,,
Kemei Silicone Moisturizing Socks,kemei-silicone-moisturizing-socks,,"These silicone socks are designed to effectively lock in moisture and heal cracked heels, leaving your feet softer.",,Health Accessories,"Material: Silicone | | Number Of Pieces: 2 Pcs | | Product Feature: Affordable And Accessible Solutions, Breathable And Hypoallergenic Materials For Sensitive Skin, Clinically-Proven Effectiveness For Specific Health Concerns, Compact And Lightweight For Travel Or Storage, Designed For Safety And Effectiveness, Durable And Reliable Materials, Easy To Use And Maintain, Reusable | | Locks in Moisture: Helps keep your feet hydrated. | | Heals Cracked Heels: Works to repair dry and cracked skin on your heels. | | Softens Feet: Makes your feet feel smoother. | | Reusable and Washable: You can use them repeatedly and easily clean them. | | Best for Diabetics: Specifically recommended for individuals with diabetes. | | Ingredients: Contains Jojoba Oil, Olive Oil, and Vitamin E in the moisturizing cream. | | Use: Wear them before sleep (""The Sock - Wear it before Sleep""). |",,5.0,,,,,,,,,,,,,,,,,,,,,
,,,,,,,,,,,,,Standard / Pink,PV_MZ1533200167SGSE_standard_pink,760.0,,100,TRUE,"https://content.public.markaz.app/markazimagevideo/public/thumbnails/products/1533-223-682468-product-1.webp,https://content.public.markaz.app/markazimagevideo/public/thumbnails/products/1533-223-682468-product-2.webp,https://content.public.markaz.app/markazimagevideo/public/thumbnails/products/1533-223-682468-product-3.webp,https://content.public.markaz.app/markazimagevideo/public/thumbnails/products/1533-223-682468-product-4.webp,https://content.public.markaz.app/markazimagevideo/public/thumbnails/products/1533-223-682468-product-5.webp,https://content.public.markaz.app/markazimagevideo/public/products/1533-223-682468-product-1.webp",,,,,Color,Pink,Size,Standard,,
"Traveling Stick Stool, Old Man Walking Three Legs Fold Walker Take Seat",traveling-stick-stool-old-man-walking-three-legs-fold-walker-take-seat,,"Number Of Pieces: 1 Pc Made From Three Primary, Lightweight Tripod Tubes Of Aluminum. Plastic Seat And Handle With Luxurious Design That Are Simple To Fold And Unfold Can Support A Load Of Up To 80 kg / 250 Lbs. (Approximately) Helpful And Practical Tool Lightweight And Trustworthy Green brand Valley Made From Three Primary, Lightweight Tripod Tubes Of Aluminum. Plastic Seat And Handle With Luxurious Design That Are Simple To Fold And Unfold Can Support A Load Of Up To 250 Lbs. (Approximately) Helpful And Practical Tool Lightweight And Trustworthy",,Health Accessories,"Material: Aluminium | | Number Of Pieces: 1 Pc | | Made From Three Primary, Lightweight Tripod Tubes Of Aluminum. | | Plastic Seat And Handle With Luxurious Design That Are Simple To Fold And Unfold | | Can Support A Load Of Up To 80 kg / 250 Lbs. (Approximately) | | Helpful And Practical Tool | | Lightweight And Trustworthy | | Green brand Valley | | Made From Three Primary, Lightweight Tripod Tubes Of Aluminum. | | Plastic Seat And Handle With Luxurious Design That Are Simple To Fold And Unfold | | Can Support A Load Of Up To 250 Lbs. (Approximately) | | Helpful And Practical Tool | | Lightweight And Trustworthy |",,5.0,,,,,,,,,,,,,,,,,,,,,
,,,,,,,,,,,,,Standard / Blue,PV_MZ2184200016HDSE_standard_blue,3209.0,,3,TRUE,https://content.public.markaz.app/markazimagevideo/public/products/2184-223-692723-product-1.webp,,,,,Color,Blue,Size,Standard,,
,,,,,,,,,,,,,Standard / Green,PV_MZ2184200016HDSE_standard_green,3209.0,,3,TRUE,https://content.public.markaz.app/markazimagevideo/public/products/2184-223-692723-product-1.webp,,,,,Color,Green,Size,Standard,,
,,,,,,,,,,,,,Standard / White,PV_MZ2184200016HDSE_standard_white,3209.0,,3,TRUE,https://content.public.markaz.app/markazimagevideo/public/products/2184-223-692723-product-1.webp,,,,,Color,White,Size,Standard,,
2 Pcs Clinically,2-pcs-clinically,,"Experience relief and promote wellness with our 2 Pcs Varicose Veins Patch. Designed for safe and effective use, this patch features clinically-proven technology to address specific health concerns while supporting self-care practices. Discover an easy solution for varicose veins and enhance your overall well-being today!",,Health Accessories,"Material: Latex | | Number Of Pieces: 2 Pcs | | Product Feature: Clinically-Proven Effectiveness For Specific Health Concerns, Promotes Wellness And Self-Care |",,5.0,,,,,,,,,,,,,,,,,,,,,
,,,,,,,,,,,,,Standard Size / Brown,PV_MZ1304200406ZETS_standard-size_brown,990.0,,109,TRUE,"https://content.public.markaz.app/markazimagevideo/public/thumbnails/products/1304-223-567894-product-5.jpg,https://content.public.markaz.app/markazimagevideo/public/thumbnails/products/1304-223-567894-product-3.jpg,https://content.public.markaz.app/markazimagevideo/public/products/1304-223-567894-product-1.jpg,https://content.public.markaz.app/markazimagevideo/public/thumbnails/products/1304-223-567894-product-6.jpg,https://content.public.markaz.app/markazimagevideo/public/thumbnails/products/1304-223-567894-product-1.jpg,https://content.public.markaz.app/markazimagevideo/public/thumbnails/products/1304-223-567894-product-4.jpg",,,,,Size,Standard Size,Color,Brown,,
Easy To Use And Maintain Walking Stick,easy-to-use-and-maintain-walking-stick,,"Number Of Pieces: 1 Pc Product Feature: Easy To Use And Maintain Sturdy folding cane with built in lights LED lights features 1 forward and 2 down to light your way Uses 3 AAA batteries (not included) Folds, lights and pivots Extra wide pivoting head Stands on its own Not intended for persons over 250 lbs. Boxed",,Health Accessories,"Material: ABS Plastic, Aluminium | | Number Of Pieces: 1 Pc | | Product Feature: Easy To Use And Maintain | | Sturdy folding cane with built in lights | | LED lights features 1 forward and 2 down to light your way | | Uses 3 AAA batteries (not included) | | Folds, lights and pivots | | Extra wide pivoting head | | Stands on its own | | Not intended for persons over 250 lbs. | | Boxed |",,5.0,,,,,,,,,,,,,,,,,,,,,
,,,,,,,,,,,,,Standard / Black,PV_MZ2057200016SSAMHETS_standard_black,3309.0,,195,TRUE,"https://content.public.markaz.app/markazimagevideo/public/thumbnails/products/2057-223-690076-product-4.webp,https://content.public.markaz.app/markazimagevideo/public/thumbnails/products/2057-223-690076-product-5.webp,https://content.public.markaz.app/markazimagevideo/public/thumbnails/products/2057-223-690076-product-1.webp,https://content.public.markaz.app/markazimagevideo/public/thumbnails/products/2057-223-690076-product-2.webp,https://content.public.markaz.app/markazimagevideo/public/products/2057-223-690076-product-1.webp,https://content.public.markaz.app/markazimagevideo/public/thumbnails/products/2057-223-690076-product-6.webp,https://content.public.markaz.app/markazimagevideo/public/thumbnails/products/2057-223-690076-product-3.webp",,,,,Color,Black,Size,Standard,,
,,,,,,,,,,,,,Standard / White,PV_MZ2057200016SSAMHETS_standard_white,3309.0,,195,TRUE,"https://content.public.markaz.app/markazimagevideo/public/thumbnails/products/2057-223-690076-product-4.webp,https://content.public.markaz.app/markazimagevideo/public/thumbnails/products/2057-223-690076-product-5.webp,https://content.public.markaz.app/markazimagevideo/public/thumbnails/products/2057-223-690076-product-1.webp,https://content.public.markaz.app/markazimagevideo/public/thumbnails/products/2057-223-690076-product-2.webp,https://content.public.markaz.app/markazimagevideo/public/products/2057-223-690076-product-1.webp,https://content.public.markaz.app/markazimagevideo/public/thumbnails/products/2057-223-690076-product-6.webp,https://content.public.markaz.app/markazimagevideo/public/thumbnails/products/2057-223-690076-product-3.webp",,,,,Color,White,Size,Standard,,
"Velvet Face Mask - Reusable, Washable, Fashion Fitted Contour, Any Color Face Mask Buy 1 Get 1 Free",velvet-face-mask---reusable-washable-fashion-fitted-contour-any-color-face-mask-buy-1-get-1-free,,Number Of Pieces: 2 Pcs Washable and Reusable Double-layered Fitted Pattern designed for a snug and comfortable fit Elastic ear loops One size fits.,,Health Accessories,Material: Cloth | | Number Of Pieces: 2 Pcs | | Washable and Reusable | | Double-layered | | Fabric Material: Velvet/poly/spandex blend | | Fitted Pattern designed for a snug and comfortable fit | | Elastic ear loops | | One size fits. |,,5.0,,,,,,,,,,,,,,,,,,,,,
,,,,,,,,,,,,,Standard / Multicolor,PV_MZ1771200005LASE_standard_standard,809.0,,100,TRUE,"https://content.public.markaz.app/markazimagevideo/public/thumbnails/products/1771-223-673863-product-4.webp,https://content.public.markaz.app/markazimagevideo/public/thumbnails/products/1771-223-673863-product-1-withcode.webp,https://content.public.markaz.app/markazimagevideo/public/thumbnails/products/1771-223-673863-product-1.webp,https://content.public.markaz.app/markazimagevideo/public/products/1771-223-673863-product-1.webp,https://content.public.markaz.app/markazimagevideo/public/thumbnails/products/1771-223-673863-product-3.webp,https://content.public.markaz.app/markazimagevideo/public/thumbnails/products/1771-223-673863-product-2.webp",,,,,Color,Multicolor,Size,Standard,,
Best Mesh Nebulizer,best-mesh-nebulizer,,Number Of Pieces: 4 Pcs Product Feature: Easy To Use And Maintain Capacity: 30 Ml,,Health Accessories,Material: ABS Plastic | | Number Of Pieces: 4 Pcs | | Product Feature: Easy To Use And Maintain | | Capacity: 30 Ml |,,5.0,,,,,,,,,,,,,,,,,,,,,
,,,,,,,,,,,,,Standard Size / Blue,PV_MZ1518200779BGSE_standard-size_blue,1473.0,,100,TRUE,"https://content.public.markaz.app/markazimagevideo/public/products/1518-223-686423-product-2.webp,https://content.public.markaz.app/markazimagevideo/public/thumbnails/products/1518-223-686423-product-4.webp,https://content.public.markaz.app/markazimagevideo/public/thumbnails/products/1518-223-686423-product-2.webp,https://content.public.markaz.app/markazimagevideo/public/thumbnails/products/1518-223-686423-product-5.webp,https://content.public.markaz.app/markazimagevideo/public/thumbnails/products/1518-223-686423-product-9.webp,https://content.public.markaz.app/markazimagevideo/public/thumbnails/products/1518-223-686423-product-7.webp,https://content.public.markaz.app/markazimagevideo/public/thumbnails/products/1518-223-686423-product-3.webp,https://content.public.markaz.app/markazimagevideo/public/thumbnails/products/1518-223-686423-product-8.webp",,,,,Size,Standard Size,Color,Blue,,
Menstrual Heating Patch,menstrual-heating-patch,,Number Of Pieces: 8 Pcs,,Health Accessories,Material: ABS Plastic | | Number Of Pieces: 8 Pcs |,,5.0,,,,,,,,,,,,,,,,,,,,,
,,,,,,,,,,,,,Standard Size / White,PV_MZ1347200390CNCS_standard-size_white,1250.0,,100,TRUE,"https://content.public.markaz.app/markazimagevideo/public/thumbnails/products/1347-223-561378-product-1.jpeg,https://content.public.markaz.app/markazimagevideo/public/products/1347-223-561378-product-1.jpeg,https://content.public.markaz.app/markazimagevideo/public/thumbnails/products/1347-223-561378-product-3.jpeg,https://content.public.markaz.app/markazimagevideo/public/thumbnails/products/1347-223-561378-product-1-withcode.jpeg,https://content.public.markaz.app/markazimagevideo/public/thumbnails/products/1347-223-561378-product-2.jpeg,https://content.public.markaz.app/markazimagevideo/public/thumbnails/products/1347-223-561378-product-4.jpeg",,,,,Size,Standard Size,Color,White,,
,,,,,,,,,,,,,Standard Size / White,PV_MZ1304200390ZETS_standard-size_white,1250.0,,100,TRUE,"https://content.public.markaz.app/markazimagevideo/public/thumbnails/products/1304-223-561380-product-2.jpeg,https://content.public.markaz.app/markazimagevideo/public/thumbnails/products/1304-223-561380-product-1.jpeg,https://content.public.markaz.app/markazimagevideo/public/thumbnails/products/1304-223-561380-product-3.jpeg,https://content.public.markaz.app/markazimagevideo/public/products/1304-223-561380-product-1.jpeg,https://content.public.markaz.app/markazimagevideo/public/thumbnails/products/1304-223-561380-product-4.jpeg,https://content.public.markaz.app/markazimagevideo/public/thumbnails/products/1304-223-561380-product-1-withcode.jpeg",,,,,Size,Standard Size,Color,White,,
,,,,,,,,,,,,,Standard Size / White,PV_MZ1408200375IATS_standard-size_white,1250.0,,100,TRUE,"https://content.public.markaz.app/markazimagevideo/public/thumbnails/products/1408-223-561377-product-2.jpeg,https://content.public.markaz.app/markazimagevideo/public/thumbnails/products/1408-223-561377-product-1.jpeg,https://content.public.markaz.app/markazimagevideo/public/products/1408-223-561377-product-1.jpeg,https://content.public.markaz.app/markazimagevideo/public/thumbnails/products/1408-223-561377-product-3.jpeg,https://content.public.markaz.app/markazimagevideo/public/thumbnails/products/1408-223-561377-product-4.jpeg,https://content.public.markaz.app/markazimagevideo/public/thumbnails/products/1408-223-561377-product-1-withcode.jpeg",,,,,Size,Standard Size,Color,White,,
"Nail Growth Treatment Serum, 2 Pcs",nail-growth-treatment-serum-2-pcs,,Number Of Pieces: 2 Pcs Product Feature: Promotes Wellness And Self-Care,,Health Accessories,Material: Liquid | | Number Of Pieces: 2 Pcs | | Product Feature: Promotes Wellness And Self-Care |,,5.0,,,,,,,,,,,,,,,,,,,,,
,,,,,,,,,,,,,Standard / White,PV_MZ51100000535AFTS_standard_white,1330.0,,10,TRUE,"https://content.public.markaz.app/markazimagevideo/public/thumbnails/products/511-223-642774-product-3.webp,https://content.public.markaz.app/markazimagevideo/public/thumbnails/products/511-223-642774-product-9.webp,https://content.public.markaz.app/markazimagevideo/public/thumbnails/products/511-223-642774-product-8.webp,https://content.public.markaz.app/markazimagevideo/public/thumbnails/products/511-223-642774-product-1.webp,https://content.public.markaz.app/markazimagevideo/public/thumbnails/products/511-223-642774-product-6.webp,https://content.public.markaz.app/markazimagevideo/public/products/511-223-642774-product-1.webp,https://content.public.markaz.app/markazimagevideo/public/thumbnails/products/511-223-642774-product-7.webp,https://content.public.markaz.app/markazimagevideo/public/thumbnails/products/511-223-642774-product-5.webp,https://content.public.markaz.app/markazimagevideo/public/thumbnails/products/511-223-642774-product-4.webp,https://content.public.markaz.app/markazimagevideo/public/thumbnails/products/511-223-642774-product-2.webp",,,,,Color,White,Size,Standard,,
1 Pc Clinically-Proven Joint Pain Relief Oil - Hypoallergenic & Effective Solution,1-pc-clinically-proven-joint-pain-relief-oil---hypoallergenic-effective-solution,,"Discover relief with our Joint Pain Relief Oil, clinically proven to address specific health concerns. This affordable and accessible solution features breathable, hypoallergenic materials, perfect for sensitive skin. Whether at home or on the go, our easy-to-use oil supports a range of lifestyles, promoting wellness and self-care for a healthier you.",,Health Accessories,"Material: Liquid | | Number Of Pieces: 1 Pc | | Product Feature: Clinically-Proven Effectiveness For Specific Health Concerns, Affordable And Accessible Solutions, Breathable And Hypoallergenic Materials For Sensitive Skin, Compatible With Different Lifestyles |",,5.0,,,,,,,,,,,,,,,,,,,,,
,,,,,,,,,,,,,Standard Size / Yellow,PV_MZ608200091SHBS_standard-size_yellow,819.0,,2,TRUE,https://content.public.markaz.app/markazimagevideo/public/products/608-223-601054-product-1.jpeg,,,,,Size,Standard Size,Color,Yellow,,
12 Pcs Knee Pain Relief Patch,12-pcs-knee-pain-relief-patch,,"Specially designed for knee joints for targeted relief. Ideal for sports enthusiasts and outdoor activities, providing support and comfort for knee pain management.",,Health Accessories,Material: Non-Woven | | Number Of Pieces: 12 Pcs |,,5.0,,,,,,,,,,,,,,,,,,,,,
,,,,,,,,,,,,,Standard / Green,PV_MZ700200042RSCN_standard_green,990.0,,100,TRUE,"https://content.public.markaz.app/markazimagevideo/public/thumbnails/products/700-223-441281-product-5.jpg,https://content.public.markaz.app/markazimagevideo/public/thumbnails/products/700-223-441281-product-1-withcode.jpg,https://content.public.markaz.app/markazimagevideo/public/thumbnails/products/700-223-441281-product-4.jpg,https://content.public.markaz.app/markazimagevideo/public/thumbnails/products/700-223-441281-product-2.jpg,https://content.public.markaz.app/markazimagevideo/public/products/700-223-441281-product-1.jpg,https://content.public.markaz.app/markazimagevideo/public/thumbnails/products/700-223-441281-product-6.jpg,https://content.public.markaz.app/markazimagevideo/public/thumbnails/products/700-223-441281-product-3.jpg,https://content.public.markaz.app/markazimagevideo/public/thumbnails/products/700-223-441281-product-1.jpg",,,,,Color,Green,Size,Standard,,
,,,,,,,,,,,,,Standard Size / Green,PV_MZ1408200186IATS_standard-size_green,960.0,,104,TRUE,https://content.public.markaz.app/markazimagevideo/public/products/1408-223-502420-product-1.jpg,,,,,Size,Standard Size,Color,Green,,
,,,,,,,,,,,,,Standard / Brown,PV_MZ1165200019BYFR_standard_brown,990.0,,10,TRUE,"https://content.public.markaz.app/markazimagevideo/public/thumbnails/products/1165-223-441225-product-3.jpg,https://content.public.markaz.app/markazimagevideo/public/thumbnails/products/1165-223-441225-product-1.jpg,https://content.public.markaz.app/markazimagevideo/public/products/1165-223-441225-product-1.jpg,https://content.public.markaz.app/markazimagevideo/public/thumbnails/products/1165-223-441225-product-6.jpg,https://content.public.markaz.app/markazimagevideo/public/thumbnails/products/1165-223-441225-product-7.jpg,https://content.public.markaz.app/markazimagevideo/public/thumbnails/products/1165-223-441225-product-1-withcode.jpg,https://content.public.markaz.app/markazimagevideo/public/thumbnails/products/1165-223-441225-product-5.jpg,https://content.public.markaz.app/markazimagevideo/public/thumbnails/products/1165-223-441225-product-4.jpg,https://content.public.markaz.app/markazimagevideo/public/thumbnails/products/1165-223-441225-product-2.jpg",,,,,Color,Brown,Size,Standard,,
Compact Sugar Control L14 Acupressure Point Clip - 1 Pc for Wellness & Self,compact-sugar-control-l14-acupressure-point-clip---1-pc-for-wellness-self,,"Discover the benefits of the Sugar Control L14 Acupressure Point Clip, designed for convenience and self-care. This compact and lightweight clip is perfect for travel or storage, easy to use, and promotes wellness. Take control of your health wherever you go with this essential tool for managing sugar levels effectively!",,Health Accessories,"Material: ABS Plastic | | Number Of Pieces: 1 Pc | | Product Feature: Compact And Lightweight For Travel Or Storage, Easy To Use And Maintain, Promotes Wellness And Self-Care |",,5.0,,,,,,,,,,,,,,,,,,,,,
,,,,,,,,,,,,,Standard Size / Black,PV_MZ1013200102ZBSP_standard-size_black,720.0,,100,TRUE,"https://content.public.markaz.app/markazimagevideo/public/products/1013-223-589578-product-1.jpg,https://content.public.markaz.app/markazimagevideo/public/thumbnails/products/1013-223-589578-product-2.jpg,https://content.public.markaz.app/markazimagevideo/public/thumbnails/products/1013-223-589578-product-4.jpg,https://content.public.markaz.app/markazimagevideo/public/thumbnails/products/1013-223-589578-product-1.jpg,https://content.public.markaz.app/markazimagevideo/public/thumbnails/products/1013-223-589578-product-5.jpg,https://content.public.markaz.app/markazimagevideo/public/thumbnails/products/1013-223-589578-product-3.jpg",,,,,Size,Standard Size,Color,Black,,
Affordable And Accessible Solutions Nebulizer,affordable-and-accessible-solutions-nebulizer,,Number Of Pieces: 1 Pc Product Feature: Affordable And Accessible Solutions,,Health Accessories,Material: ABS Plastic | | Number Of Pieces: 1 Pc | | Product Feature: Affordable And Accessible Solutions |,,5.0,,,,,,,,,,,,,,,,,,,,,
,,,,,,,,,,,,,Free Size / Multicolor,PV_MZ23900000052ASFN_standard_standard,1310.0,,100,TRUE,https://content.public.markaz.app/markazimagevideo/public/products/239-223-690411-product-1.webp,,,,,Size,Free Size,Color,Multicolor,,
Portable Mesh Nebulizer Machine & Mask for Kids and Adults | Soundless Mini Enhaler - Rechargeable & Handheld,portable-mesh-nebulizer-machine-mask-for-kids-and-adults-soundless-mini-enhaler---rechargeable-handh,,"Fast Mist Dispersion: Equipped with advanced Mesh Nebulizer technology, it quickly transforms medication into a fine mist, ensuring deeper lung penetration for faster results. Silent Operation: Engineered to run quietly, the Nebulizer Machine is perfect for nighttime or discreet use, especially with children. Multiple Power Options: This Portable USB Charging Nebulizer can be powered by USB, makin",,Health Accessories,"Material: ABS Plastic, Silicone | | Number Of Pieces: 1 Pc | | Product Feature: Affordable And Accessible Solutions, Breathable And Hypoallergenic Materials For Sensitive Skin, Clinically-Proven Effectiveness For Specific Health Concerns, Compact And Lightweight For Travel Or Storage, Durable And Reliable Materials, Designed For Safety And Effectiveness, Easy To Use And Maintain, Keeps Your Health In Check, Portable | | Length: 11 Cm | | Width: 5 Cm | | Height: 5 Cm | | Capacity: 10 Ml | | USB Rechargeable: Convenient USB charging for use anywhere, anytime. | | Silent Operation: Quiet performance, perfect for kids and nighttime use. |",,5.0,,,,,,,,,,,,,,,,,,,,,
,,,,,,,,,,,,,Standard / White,PV_MZ1519200060TIE_standard_white,2009.0,,99,TRUE,"https://content.public.markaz.app/markazimagevideo/public/thumbnails/products/1519-223-682698-product-8.webp,https://content.public.markaz.app/markazimagevideo/public/thumbnails/products/1519-223-682698-product-10.webp,https://content.public.markaz.app/markazimagevideo/public/thumbnails/products/1519-223-682698-product-6.webp,https://content.public.markaz.app/markazimagevideo/public/thumbnails/products/1519-223-682698-product-9.webp,https://content.public.markaz.app/markazimagevideo/public/thumbnails/products/1519-223-682698-product-1.webp,https://content.public.markaz.app/markazimagevideo/public/products/1519-223-682698-product-1.webp,https://content.public.markaz.app/markazimagevideo/public/thumbnails/products/1519-223-682698-product-5.webp,https://content.public.markaz.app/markazimagevideo/public/thumbnails/products/1519-223-682698-product-3.webp,https://content.public.markaz.app/markazimagevideo/public/thumbnails/products/1519-223-682698-product-7.webp,https://content.public.markaz.app/markazimagevideo/public/thumbnails/products/1519-223-682698-product-4.webp",,5,5,,Color,White,Size,Standard,,
"Isopropyl Alcohol Bottle, 500 Ml",isopropyl-alcohol-bottle-500-ml,,Premium Quality,,Health Accessories,"Material: Plastic Body | | Product Details: Easy To Use, With Free 30 Ml Sprayer |",,4.6,,,,,,,,,,,,,,,,,,,,,
,,,,,,,,,,,,,Standard,PV_MZ54000052KHIST_standard_standard,988.0,,100,TRUE,https://content.public.markaz.app/markazimagevideo/public/products/558-185-283604-product-1.jpg,,,,,Size,Standard,Color,Standard,,
Pack of 5 Cotton Printed Face Masks,pack-of-5-cotton-printed-face-masks,,"Number Of Pieces: 5 Pcs This pack includes 5 cotton printed face masks in random colors and designs. Each mask is soft, breathable, and comfortable to wear all day. You can wash and reuse them again. Perfect for school, College, work, travel, or daily use to cover face. A simple and stylish choice for everyone!",,Health Accessories,"Material: Cotton | | Number Of Pieces: 5 Pcs | | This pack includes 5 cotton printed face masks in random colors and designs. Each mask is soft, breathable, and comfortable to wear all day. You can wash and reuse them again. Perfect for school, College, work, travel, or daily use to cover face. A simple and stylish choice for everyone! |",,5.0,,,,,,,,,,,,,,,,,,,,,
,,,,,,,,,,,,,Standard / Multicolor,PV_MZ1771200004LASE_standard_standard,1709.0,,100,TRUE,"https://content.public.markaz.app/markazimagevideo/public/thumbnails/products/1771-223-667526-product-3.webp,https://content.public.markaz.app/markazimagevideo/public/thumbnails/products/1771-223-667526-product-5.webp,https://content.public.markaz.app/markazimagevideo/public/products/1771-223-667526-product-1.webp,https://content.public.markaz.app/markazimagevideo/public/thumbnails/products/1771-223-667526-product-4.webp,https://content.public.markaz.app/markazimagevideo/public/thumbnails/products/1771-223-667526-product-1.webp,https://content.public.markaz.app/markazimagevideo/public/thumbnails/products/1771-223-667526-product-2.webp",,,,,Color,Multicolor,Size,Standard,,
Adjustable Settings To Accommodate Individual Preferences Knee Braces,adjustable-settings-to-accommodate-individual-preferences-knee-braces,,Number Of Pieces: 1 Pc Product Feature: Adjustable Settings To Accommodate Individual Preferences Length: 19.3 Cm Width: 21.2 Cm Height: 3.2 Cm Capacity: 2 Cubic,,Health Accessories,Material: Nylon | | Number Of Pieces: 1 Pc | | Product Feature: Adjustable Settings To Accommodate Individual Preferences | | Length: 19.3 Cm | | Width: 21.2 Cm | | Height: 3.2 Cm | | Capacity: 2 Cubic |,,5.0,,,,,,,,,,,,,,,,,,,,,
,,,,,,,,,,,,,Adjustable / Black,PV_MZ85400000016ZMZMSR_adjustable_black,1300.0,,10,TRUE,"https://content.public.markaz.app/markazimagevideo/public/thumbnails/products/854-223-487062-product-4.jpg,https://content.public.markaz.app/markazimagevideo/public/thumbnails/products/854-223-487062-product-3.jpg,https://content.public.markaz.app/markazimagevideo/public/products/854-223-487062-product-1.jpg,https://content.public.markaz.app/markazimagevideo/public/thumbnails/products/854-223-487062-product-1.jpg,https://content.public.markaz.app/markazimagevideo/public/thumbnails/products/854-223-487062-product-5.jpg,https://content.public.markaz.app/markazimagevideo/public/thumbnails/products/854-223-487062-product-2.jpg,https://content.public.markaz.app/markazimagevideo/public/thumbnails/products/854-223-487062-product-1-withcode.jpg",,3.2,21.2,,Size,Adjustable,Color,Black,,
Joint Pain Relief Cream By Huda Beauty 150ML,joint-pain-relief-cream-by-huda-beauty-150ml,,"If you struggle with back discomfort, you're looking for an effective and easy-to-use solution you can apply whenever the pain arises. Lumbar Pain Relief provides quick relief thanks to carefully selected active ingredients. It's ideal for everyday ailments related to overuse or a sedentary lifestyle. Using this product is a convenient way to improve your comfort without having to reach for pills",,Health Accessories,"Material: Gel | | Number Of Pieces: 1 Pc | | If you struggle with back discomfort, you're looking for an effective and easy-to-use solution you can apply whenever the pain arises. Lumbar Pain Relief provides quick relief thanks to carefully selected active ingredients. It's ideal for everyday ailments related to overuse or a sedentary lifestyle. Using this product is a convenient way to improve your comfort without having to reach for pills. Your back deserves immediate relief. | | Benefits and advantages | | T. |",,5.0,,,,,,,,,,,,,,,,,,,,,
,,,,,,,,,,,,,XL / Multicolor,PV_MZ69100000291AIBSFD_xl_standard,1009.0,,100,TRUE,"https://content.public.markaz.app/markazimagevideo/public/thumbnails/products/691-223-675707-product-4.webp,https://content.public.markaz.app/markazimagevideo/public/products/691-223-675707-product-1.webp,https://content.public.markaz.app/markazimagevideo/public/thumbnails/products/691-223-675707-product-1.webp,https://content.public.markaz.app/markazimagevideo/public/thumbnails/products/691-223-675707-product-9.webp,https://content.public.markaz.app/markazimagevideo/public/thumbnails/products/691-223-675707-product-3.webp,https://content.public.markaz.app/markazimagevideo/public/thumbnails/products/691-223-675707-product-7.webp,https://content.public.markaz.app/markazimagevideo/public/thumbnails/products/691-223-675707-product-8.webp,https://content.public.markaz.app/markazimagevideo/public/thumbnails/products/691-223-675707-product-2.webp,https://content.public.markaz.app/markazimagevideo/public/thumbnails/products/691-223-675707-product-5.webp,https://content.public.markaz.app/markazimagevideo/public/thumbnails/products/691-223-675707-product-6.webp",,,,,Size,XL,Color,Multicolor,,
,,,,,,,,,,,,,XL / Multicolor,PV_MZ69100000290AIBSFD_xl_standard,1009.0,,100,TRUE,"https://content.public.markaz.app/markazimagevideo/public/thumbnails/products/691-223-675706-product-3.webp,https://content.public.markaz.app/markazimagevideo/public/products/691-223-675706-product-1.webp,https://content.public.markaz.app/markazimagevideo/public/thumbnails/products/691-223-675706-product-6.webp,https://content.public.markaz.app/markazimagevideo/public/thumbnails/products/691-223-675706-product-7.webp,https://content.public.markaz.app/markazimagevideo/public/thumbnails/products/691-223-675706-product-1.webp,https://content.public.markaz.app/markazimagevideo/public/thumbnails/products/691-223-675706-product-4.webp,https://content.public.markaz.app/markazimagevideo/public/thumbnails/products/691-223-675706-product-9.webp,https://content.public.markaz.app/markazimagevideo/public/thumbnails/products/691-223-675706-product-2.webp,https://content.public.markaz.app/markazimagevideo/public/thumbnails/products/691-223-675706-product-5.webp,https://content.public.markaz.app/markazimagevideo/public/thumbnails/products/691-223-675706-product-8.webp",,,,,Size,XL,Color,Multicolor,,
Pain Relief silicon Socks,pain-relief-silicon-socks,,Number Of Pieces: 2 Pcs,,Health Accessories,Material: Silicone | | Number Of Pieces: 2 Pcs |,,5.0,,,,,,,,,,,,,,,,,,,,,
,,,,,,,,,,,,,Standard / Pink,PV_MZ94300001376PMGTIM_standard_pink,629.0,,100,TRUE,https://content.public.markaz.app/markazimagevideo/public/products/943-223-687565-product-2.webp,,,,,Color,Pink,Size,Standard,,
,,,,,,,,,,,,,Standard / Pink,PV_MZ94300001219PMGTIM_standard_pink,629.0,,100,TRUE,https://content.public.markaz.app/markazimagevideo/public/products/943-223-681214-product-2.webp,,,,,Color,Pink,Size,Standard,,
,,,,,,,,,,,,,Standard / Pink,PV_MZ1518200771BGSE_standard_pink,629.0,,100,TRUE,https://content.public.markaz.app/markazimagevideo/public/products/1518-223-681690-product-2.webp,,,,,Color,Pink,Size,Standard,,
,,,,,,,,,,,,,Standard / Pink,PV_MZ94300001360PMGTIM_standard_pink,629.0,,100,TRUE,https://content.public.markaz.app/markazimagevideo/public/products/943-223-687314-product-2.webp,,,,,Color,Pink,Size,Standard,,
Girl's BTS Face Mask,girls-bts-face-mask,,Number Of Pieces: 6 Pcs Product Feature: Designed For Safety And Effectiveness,,Health Accessories,Material: Cotton | | Number Of Pieces: 6 Pcs | | Product Feature: Designed For Safety And Effectiveness |,,5.0,,,,,,,,,,,,,,,,,,,,,
,,,,,,,,,,,,,Standard / Multicolor,PV_MZ68100046HIHY_standard_standard,770.0,,100,TRUE,"https://content.public.markaz.app/markazimagevideo/public/thumbnails/products/681-223-415221-product-3.jpg,https://content.public.markaz.app/markazimagevideo/public/thumbnails/products/681-223-415221-product-1.jpg,https://content.public.markaz.app/markazimagevideo/public/thumbnails/products/681-223-415221-product-1-withcode.jpg,https://content.public.markaz.app/markazimagevideo/public/thumbnails/products/681-223-415221-product-4.jpg,https://content.public.markaz.app/markazimagevideo/public/thumbnails/products/681-223-415221-product-2.jpg,https://content.public.markaz.app/markazimagevideo/public/products/681-223-415221-product-1.jpg",,,,,Color,Multicolor,Size,Standard,,
Mini Mesh Nebulizer Machine,mini-mesh-nebulizer-machine,,Mini Mesh Nebulizer Machine For Adults & Kids - Portable Nebulizer - Soundless Nebulizer for Effective Treatment- Compressor Nebulizer - Mini Inhaler Machine,,Health Accessories,Material: ABS Plastic | | Number Of Pieces: 1 Pc | | Mini Mesh Nebulizer Machine For Adults & Kids - Portable Nebulizer - Soundless Nebulizer for Effective Treatment- Compressor Nebulizer - Mini Inhaler Machine |,,5.0,,,,,,,,,,,,,,,,,,,,,
,,,,,,,,,,,,,Standard / Multicolor,PV_MZ59400000137OEKI_standard_standard,2039.0,,100,TRUE,https://content.public.markaz.app/markazimagevideo/public/products/594-223-681772-product-1.webp,,,,,Color,Multicolor,Size,Standard,,
Japanese Joint Pain Relief Gel 50ml,japanese-joint-pain-relief-gel-50ml,,Number Of Pieces: 1 Pc Product Feature: Affordable And Accessible Solutions Length: 12 Cm Width: 8 Cm Height: 2 Cm Capacity: 50 Ml,,Health Accessories,Material: Gel | | Number Of Pieces: 1 Pc | | Product Feature: Affordable And Accessible Solutions | | Length: 12 Cm | | Width: 8 Cm | | Height: 2 Cm | | Capacity: 50 Ml |,,5.0,,,,,,,,,,,,,,,,,,,,,
,,,,,,,,,,,,,Free Size / Orange,PV_MZ34200020ARCN_standard_orange,709.0,,139,TRUE,"https://content.public.markaz.app/markazimagevideo/public/products/34-223-675100-product-1.webp,https://content.public.markaz.app/markazimagevideo/public/thumbnails/products/34-223-675100-product-3.webp,https://content.public.markaz.app/markazimagevideo/public/thumbnails/products/34-223-675100-product-2.webp,https://content.public.markaz.app/markazimagevideo/public/thumbnails/products/34-223-675100-product-4.webp,https://content.public.markaz.app/markazimagevideo/public/thumbnails/products/34-223-675100-product-6.webp,https://content.public.markaz.app/markazimagevideo/public/thumbnails/products/34-223-675100-product-1.webp,https://content.public.markaz.app/markazimagevideo/public/thumbnails/products/34-223-675100-product-5.webp",,2,8,,Size,Free Size,Color,Orange,,
Adjustable Finger Gripper,adjustable-finger-gripper,,"Enhance your grip strength with this Adjustable Finger Gripper. Designed for ease of use and maintenance, it features durable materials that ensure reliability. Perfect for accommodating individual preferences, this hand strengthener is an essential tool for anyone looking to improve their hand fitness and dexterity.",,Health Accessories,"Material: Alloy | | Number Of Pieces: 1 Pc | | Product Feature: Adjustable Settings To Accommodate Individual Preferences, Durable And Reliable Materials, Easy To Use And Maintain |",,5.0,,,,,,,,,,,,,,,,,,,,,
,,,,,,,,,,,,,Standard / Black,PV_MZ1518200030BGSE_standard_black,760.0,,100,TRUE,https://content.public.markaz.app/markazimagevideo/public/products/1518-223-512369-product-1.jpg,,,,,Color,Black,Size,Standard,,
Period Cramp Heating Belt,period-cramp-heating-belt,,Number Of Pieces: 1 Pc Product Feature: Affordable And Accessible Solutions,,Health Accessories,Material: ABS Plastic | | Number Of Pieces: 1 Pc | | Product Feature: Affordable And Accessible Solutions |,,5.0,,,,,,,,,,,,,,,,,,,,,
,,,,,,,,,,,,,Free Size / Multicolor,PV_MZ2060200113AASE_standard_standard,2160.0,,100,TRUE,"https://content.public.markaz.app/markazimagevideo/public/thumbnails/products/2060-223-689187-product-2.webp,https://content.public.markaz.app/markazimagevideo/public/thumbnails/products/2060-223-689187-product-7.webp,https://content.public.markaz.app/markazimagevideo/public/thumbnails/products/2060-223-689187-product-1.webp,https://content.public.markaz.app/markazimagevideo/public/thumbnails/products/2060-223-689187-product-4.webp,https://content.public.markaz.app/markazimagevideo/public/thumbnails/products/2060-223-689187-product-3.webp,https://content.public.markaz.app/markazimagevideo/public/thumbnails/products/2060-223-689187-product-8.webp,https://content.public.markaz.app/markazimagevideo/public/products/2060-223-689187-product-1.webp,https://content.public.markaz.app/markazimagevideo/public/thumbnails/products/2060-223-689187-product-6.webp,https://content.public.markaz.app/markazimagevideo/public/thumbnails/products/2060-223-689187-product-5.webp",,,,,Size,Free Size,Color,Multicolor,,
Derma Smooth Skin Tag Remover 72 Patches,derma-smooth-skin-tag-remover-72-patches,,Number Of Pieces: 72 Pcs Product Feature: Easy To Use And Maintain Length: 12 Cm Width: 2 Cm Height: 1 Cm Capacity: 12 Ml,,Health Accessories,Material: Cotton | | Number Of Pieces: 72 Pcs | | Product Feature: Easy To Use And Maintain | | Length: 12 Cm | | Width: 2 Cm | | Height: 1 Cm | | Capacity: 12 Ml |,,5.0,,,,,,,,,,,,,,,,,,,,,
,,,,,,,,,,,,,Free Size / White,PV_MZ34200018ARCN_standard_white,609.0,,932,TRUE,"https://content.public.markaz.app/markazimagevideo/public/thumbnails/products/34-223-662042-product-1.webp,https://content.public.markaz.app/markazimagevideo/public/products/34-223-662042-product-1.webp,https://content.public.markaz.app/markazimagevideo/public/thumbnails/products/34-223-662042-product-5.webp,https://content.public.markaz.app/markazimagevideo/public/thumbnails/products/34-223-662042-product-4.webp,https://content.public.markaz.app/markazimagevideo/public/thumbnails/products/34-223-662042-product-2.webp,https://content.public.markaz.app/markazimagevideo/public/thumbnails/products/34-223-662042-product-3.webp",,1,2,,Size,Free Size,Color,White,,
1 Pc Acupressure Clip for Wellness and Self,1-pc-acupressure-clip-for-wellness-and-self,,"Discover the power of self-care with our Portable Hand Gripper, designed for convenience on-the-go. This innovative acupressure point clip promotes wellness and enhances your overall health. Crafted from durable ABS plastic, it ensures safety and effectiveness. Perfect for anyone wanting to keep their health in check, this lightweight tool is an essential addition to your routine.",,Health Accessories,"Material: ABS Plastic | | Number Of Pieces: 1 Pc | | Product Feature: Portable For On-The-Go Use, Designed For Safety And Effectiveness, Promotes Wellness And Self-Care |",,5.0,,,,,,,,,,,,,,,,,,,,,
,,,,,,,,,,,,,Standard / Black,PV_MZ23900000030ASFN_standard_black,730.0,,100,TRUE,https://content.public.markaz.app/markazimagevideo/public/products/239-223-598457-product-1.jpg,,,,,Color,Black,Size,Standard,,
Digital Blood Pressure Monitor,digital-blood-pressure-monitor,,Number Of Pieces: 1 Pc Product Feature: Portable For On-The-Go Use Length: 11.5 Cm Width: 9.6 Cm Height: 5.9 Cm,,Health Accessories,Material: ABS Plastic | | Number Of Pieces: 1 Pc | | Product Feature: Portable For On-The-Go Use | | Length: 11.5 Cm | | Width: 9.6 Cm | | Height: 5.9 Cm |,,5.0,,,,,,,,,,,,,,,,,,,,,
,,,,,,,,,,,,,Standard / White,PV_MZ51100000730AFTS_standard_white,2700.0,,100,TRUE,"https://content.public.markaz.app/markazimagevideo/public/thumbnails/products/511-223-700147-product-3.webp,https://content.public.markaz.app/markazimagevideo/public/thumbnails/products/511-223-700147-product-5.webp,https://content.public.markaz.app/markazimagevideo/public/thumbnails/products/511-223-700147-product-1.webp,https://content.public.markaz.app/markazimagevideo/public/thumbnails/products/511-223-700147-product-2.webp,https://content.public.markaz.app/markazimagevideo/public/products/511-223-700147-product-1.webp,https://content.public.markaz.app/markazimagevideo/public/thumbnails/products/511-223-700147-product-4.webp",,5.9,9.6,,Color,White,Size,Standard,,
50 Pcs Blue Face Masks - Breathable & Durable Protection,50-pcs-blue-face-masks---breathable-durable-protection,,"Stay safe and comfortable with our pack of 50 Pcs Blue Face Masks. Made from breathable cotton, these masks are designed for effective protection while ensuring comfort. Ideal for everyday use, they support various lifestyles and provide a reliable barrier. Perfect for families or anyone looking for quality face masks to enhance safety and convenience.",,Health Accessories,Material: Cotton | | Number Of Pieces: 50 Pcs | | Fay Disposable Face Mask 3 Ply Light Blue Colour (50 Mask in Box) |,,5.0,,,,,,,,,,,,,,,,,,,,,
,,,,,,,,,,,,,Standard / Blue,PV_MZ1022200005DTDN_standard_blue,670.0,,99,TRUE,https://content.public.markaz.app/markazimagevideo/public/products/1022-223-490693-product-1.jpeg,,,,,Color,Blue,Size,Standard,,
Ladies Face Mask,ladies-face-mask,,Number Of Pieces: 6 Pcs,,Health Accessories,Material: Cotton | | Number Of Pieces: 6 Pcs |,,5.0,,,,,,,,,,,,,,,,,,,,,
,,,,,,,,,,,,,Standard Size / Multicolor,PV_MZ1288200043HDCN_standard-size_standard,690.0,,100,TRUE,https://content.public.markaz.app/markazimagevideo/public/products/1288-223-450919-product-1.jpg,,,,,Size,Standard Size,Color,Multicolor,,
,,,,,,,,,,,,,Standard / Multicolor,PV_MZ68100045HIHY_standard_standard,690.0,,66,TRUE,https://content.public.markaz.app/markazimagevideo/public/products/681-223-415220-product-1.jpg,,,,,Color,Multicolor,Size,Standard,,
,,,,,,,,,,,,,Standard / Multicolor,PV_MZ68100044HIHY_standard_standard,855.0,,77,TRUE,"https://content.public.markaz.app/markazimagevideo/public/thumbnails/products/681-223-415219-product-3.jpg,https://content.public.markaz.app/markazimagevideo/public/thumbnails/products/681-223-415219-product-1-withcode.jpg,https://content.public.markaz.app/markazimagevideo/public/thumbnails/products/681-223-415219-product-4.jpg,https://content.public.markaz.app/markazimagevideo/public/thumbnails/products/681-223-415219-product-2.jpg,https://content.public.markaz.app/markazimagevideo/public/thumbnails/products/681-223-415219-product-1.jpg,https://content.public.markaz.app/markazimagevideo/public/products/681-223-415219-product-1.jpg",,,,,Color,Multicolor,Size,Standard,,
"Portable Mesh Nebulizer Machine for Kids & Adults | Silent Electric & Cell Operated Inhaler for Asthma, Cough & Cold Relief | Handheld Mini Nebulizer for Home, Travel & Hospital Use",portable-mesh-nebulizer-machine-for-kids-adults-silent-electric-cell-operated-inhaler-for-asthma-cou,,"Breathe better anytime, anywhere with the Portable Mesh Nebulizer Machine. This mini silent inhaler is designed for kids and adults, providing quick relief from asthma, cold, cough, flu, bronchitis, and other respiratory problems.  With its advanced mesh technology, it produces ultra-fine mist that penetrates deeply into the lungs for effective absorption of medicine. The quiet operation makes it",,Health Accessories,"Material: ABS Plastic | | Number Of Pieces: 1 Pc | | Product Feature: Affordable And Accessible Solutions, Breathable And Hypoallergenic Materials For Sensitive Skin, Clinically-Proven Effectiveness For Specific Health Concerns, Compact And Lightweight For Travel Or Storage, Compatible With Different Lifestyles, Designed For Safety And Effectiveness | | Length: 8 Inches | | Width: 11 Inches | | Height: 2 Inches | | Portable Mesh Nebulizer Machine – Mini Inhaler for Kids & Adults | | ? Silent Nebulizer Machine – Whisper Quiet Operation | | ? Handheld Steam Inhaler – Compact & Lightweight Design | | ? Asthma Relief Nebulizer Machine – Effective Therapy at Home | | ? Cold & Flu Relief Inhaler – Fast Respiratory Care | | ? Mini Nebulizer with Mask & Mouthpiece – Family Use | | ? Dual Power Nebulizer Machine – USB & Battery Operated | | ? Travel-Friendly Nebulizer – Easy to Carry Anywhere | | ? Advanced Mesh Technology Inhaler – Fine Mist for Deep Absorption | | ? Nebulizer for Kids & Adults in Pakistan – Safe & Reliable | | ? Handheld Nebulizer Machine – Easy One-Button Operation | | ? Lightweight Nebulizer Device – Comfortable Daily Use | | ? Steam Inhaler for Cough & Sinus Relief – Gentle & Effective | | ? Medical-Grade Nebulizer Machine – Professional Quality | | ? Compact Nebulizer for Home & Travel – Perfect for All Ages | | ? Respiratory Therapy Nebulizer – Asthma, Bronchitis, Allergy Relief | | ? Best Portable Nebulizer in Pakistan – Trusted & Durable |",,5.0,,,,,,,,,,,,,,,,,,,,,
,,,,,,,,,,,,,Standard / Multicolor,PV_MZ1787200027ZZJJTS_standard_standard,1909.0,,9,TRUE,"https://content.public.markaz.app/markazimagevideo/public/thumbnails/products/1787-223-668733-product-8.webp,https://content.public.markaz.app/markazimagevideo/public/thumbnails/products/1787-223-668733-product-4.webp,https://content.public.markaz.app/markazimagevideo/public/thumbnails/products/1787-223-668733-product-1.webp,https://content.public.markaz.app/markazimagevideo/public/thumbnails/products/1787-223-668733-product-3.webp,https://content.public.markaz.app/markazimagevideo/public/thumbnails/products/1787-223-668733-product-5.webp,https://content.public.markaz.app/markazimagevideo/public/thumbnails/products/1787-223-668733-product-10.webp,https://content.public.markaz.app/markazimagevideo/public/thumbnails/products/1787-223-668733-product-7.webp,https://content.public.markaz.app/markazimagevideo/public/products/1787-223-668733-product-1.webp,https://content.public.markaz.app/markazimagevideo/public/thumbnails/products/1787-223-668733-product-2.webp,https://content.public.markaz.app/markazimagevideo/public/thumbnails/products/1787-223-668733-product-6.webp",,2,11,,Color,Multicolor,Size,Standard,,
,,,,,,,,,,,,,Standard / Multicolor,PV_MZ1787200050ZZJJTS_standard_standard,1950.0,,10,TRUE,"https://content.public.markaz.app/markazimagevideo/public/thumbnails/products/1787-223-681982-product-6.webp,https://content.public.markaz.app/markazimagevideo/public/thumbnails/products/1787-223-681982-product-1.webp,https://content.public.markaz.app/markazimagevideo/public/thumbnails/products/1787-223-681982-product-2.webp,https://content.public.markaz.app/markazimagevideo/public/thumbnails/products/1787-223-681982-product-5.webp,https://content.public.markaz.app/markazimagevideo/public/thumbnails/products/1787-223-681982-product-7.webp,https://content.public.markaz.app/markazimagevideo/public/products/1787-223-681982-product-1.webp,https://content.public.markaz.app/markazimagevideo/public/thumbnails/products/1787-223-681982-product-9.webp,https://content.public.markaz.app/markazimagevideo/public/thumbnails/products/1787-223-681982-product-4.webp,https://content.public.markaz.app/markazimagevideo/public/thumbnails/products/1787-223-681982-product-3.webp,https://content.public.markaz.app/markazimagevideo/public/thumbnails/products/1787-223-681982-product-8.webp",,2,8,,Color,Multicolor,Size,Standard,,
Compact & Lightweight 1 Pc Hand Gripper - User-Friendly Design for Easy Travel & Storage,compact-lightweight-1-pc-hand-gripper---user-friendly-design-for-easy-travel-storage,,"Enhance your grip strength with our Compact and Lightweight Hand Gripper. Perfect for travel and easy to use, this 1 Pc hand gripper features a user-friendly interface designed for effortless operation. Ideal for fitness enthusiasts, it's a convenient tool for building strength anytime, anywhere!",,Health Accessories,"Material: ABS Plastic | | Number Of Pieces: 1 Pc | | Product Feature: Compact And Lightweight For Travel Or Storage, Easy To Use And Maintain, User-Friendly Interfaces For Ease Of Operation |",,5.0,,,,,,,,,,,,,,,,,,,,,
,,,,,,,,,,,,,Standard / Black,PV_MZ69100000251AIBSFD_standard_black,1460.0,,300,TRUE,https://content.public.markaz.app/markazimagevideo/public/products/691-223-607502-product-1.jpg,,,,,Color,Black,Size,Standard,,
,,,,,,,,,,,,,Standard / Blue,PV_MZ69100000251AIBSFD_standard_blue,1460.0,,300,TRUE,https://content.public.markaz.app/markazimagevideo/public/products/691-223-607502-product-1.jpg,,,,,Color,Blue,Size,Standard,,
,,,,,,,,,,,,,Standard / Pink,PV_MZ69100000251AIBSFD_standard_pink,1460.0,,300,TRUE,https://content.public.markaz.app/markazimagevideo/public/products/691-223-607502-product-1.jpg,,,,,Color,Pink,Size,Standard,,
10 Pcs Clinically,10-pcs-clinically,,"Transform your wellness routine with our 10 Pcs Belly Slimming Patch. Clinically proven for effectiveness in targeting specific health concerns, these patches promote self-care while being easy to use and maintain. Experience the convenience of portable solutions that fit seamlessly into your lifestyle and support your wellness goals, wherever you are!",,Health Accessories,"Material: Wormwood | | Number Of Pieces: 10 Pcs | | Product Feature: Clinically-Proven Effectiveness For Specific Health Concerns, Promotes Wellness And Self-Care, Easy To Use And Maintain |",,5.0,,,,,,,,,,,,,,,,,,,,,
,,,,,,,,,,,,,Standard Size / White,PV_MZ1705200020SMVS_standard-size_white,710.0,,6,TRUE,"https://content.public.markaz.app/markazimagevideo/public/thumbnails/products/1705-223-598951-product-9.jpg,https://content.public.markaz.app/markazimagevideo/public/thumbnails/products/1705-223-598951-product-5.jpg,https://content.public.markaz.app/markazimagevideo/public/thumbnails/products/1705-223-598951-product-7.jpg,https://content.public.markaz.app/markazimagevideo/public/thumbnails/products/1705-223-598951-product-4.jpg,https://content.public.markaz.app/markazimagevideo/public/thumbnails/products/1705-223-598951-product-3.jpg,https://content.public.markaz.app/markazimagevideo/public/thumbnails/products/1705-223-598951-product-1.jpg,https://content.public.markaz.app/markazimagevideo/public/thumbnails/products/1705-223-598951-product-6.jpg,https://content.public.markaz.app/markazimagevideo/public/products/1705-223-598951-product-1.jpg,https://content.public.markaz.app/markazimagevideo/public/thumbnails/products/1705-223-598951-product-8.jpg",,,,,Size,Standard Size,Color,White,,
Electric Period Cramp Massager Vibrator Heating Belt For Menstrual Relief Pain,electric-period-cramp-massager-vibrator-heating-belt-for-menstrual-relief-pain,,"Number Of Pieces: 1 Pc Experience Soothing warmth and gentle massage action that helps to alleviate tension, reduce bloating, and promote relaxation.",,Health Accessories,"Number Of Pieces: 1 Pc | | Experience Soothing warmth and gentle massage action that helps to alleviate tension, reduce bloating, and promote relaxation. |",,4.5,,,,,,,,,,,,,,,,,,,,,
,,,,,,,,,,,,,Standard Size / Standard,PV_MZ51120007AFTS_standard-size_standard,3240.0,,10,TRUE,"https://content.public.markaz.app/markazimagevideo/public/thumbnails/products/511-223-342341-product-4.jpg,https://content.public.markaz.app/markazimagevideo/public/thumbnails/products/511-223-342341-product-3.jpg,https://content.public.markaz.app/markazimagevideo/public/products/511-223-342341-product-1.jpg,https://content.public.markaz.app/markazimagevideo/public/thumbnails/products/511-223-342341-product-5.jpg,https://content.public.markaz.app/markazimagevideo/public/thumbnails/products/511-223-342341-product-1.jpg,https://content.public.markaz.app/markazimagevideo/public/thumbnails/products/511-223-342341-product-2.jpg,https://content.public.markaz.app/markazimagevideo/public/thumbnails/products/511-223-342341-product-1-withcode.jpg",,,,,Size,Standard Size,Color,Standard,,
Portable Electric Period Cramp Heating Belt,portable-electric-period-cramp-heating-belt,,"Experience soothing relief with our Portable Electric Period Cramp Heating Belt. Designed for on-the-go use, this user-friendly belt promotes wellness and self-care while ensuring comfort during your day. The lightweight and compact design makes it a perfect companion to alleviate cramps wherever you are. Enjoy effective pain management with ease!",,Health Accessories,"Material: ABS Plastic | | Number Of Pieces: 1 Pc | | Product Feature: Portable For On-The-Go Use, Promotes Wellness And Self-Care, User-Friendly Interfaces For Ease Of Operation |",,5.0,,,,,,,,,,,,,,,,,,,,,
,,,,,,,,,,,,,Standard Size / Pink,PV_MZ57800000339GALAXY_standard-size_pink,2305.0,,100,TRUE,"https://content.public.markaz.app/markazimagevideo/public/thumbnails/products/578-223-659940-product-3.webp,https://content.public.markaz.app/markazimagevideo/public/thumbnails/products/578-223-659940-product-5.webp,https://content.public.markaz.app/markazimagevideo/public/thumbnails/products/578-223-659940-product-6.webp,https://content.public.markaz.app/markazimagevideo/public/products/578-223-659940-product-1.webp,https://content.public.markaz.app/markazimagevideo/public/thumbnails/products/578-223-659940-product-2.webp,https://content.public.markaz.app/markazimagevideo/public/thumbnails/products/578-223-659940-product-7.webp,https://content.public.markaz.app/markazimagevideo/public/thumbnails/products/578-223-659940-product-4.webp,https://content.public.markaz.app/markazimagevideo/public/thumbnails/products/578-223-659940-product-1.webp",,,,,Size,Standard Size,Color,Pink,,
Sun Protection Sleeves,sun-protection-sleeves,,"Stay Protected From Harmful Uv Rays With These Stretchable Black Sun Protection Sleeves. Perfect For Outdoor Sports And Activities, They Offer Comfort And Style While Shielding Your Arms From The Sun.",,Health Accessories,"Material: Cloth | | Number Of Pieces: 2 Pcs | | Product Feature: Durable And Reliable Materials, Promotes Wellness And Self-Care |",,5.0,,,,,,,,,,,,,,,,,,,,,
,,,,,,,,,,,,,Free Size / Black,PV_MZ1338200036EEWD_standard_black,680.0,,1,TRUE,https://content.public.markaz.app/markazimagevideo/public/products/1338-223-466255-product-1.jpg,,,,,Size,Free Size,Color,Black,,
Dental Mirror,dental-mirror,,Number Of Pieces: 1 Pc,,Health Accessories,Material: Stainless Steel | | Number Of Pieces: 1 Pc |,,5.0,,,,,,,,,,,,,,,,,,,,,
,,,,,,,,,,,,,Standard / Silver,PV_MZ1338200033EEWD_standard_silver,630.0,,1,TRUE,https://content.public.markaz.app/markazimagevideo/public/products/1338-223-466246-product-1.jpg,,,,,Color,Silver,Size,Standard,,
"Nail Growth Treatment Serum, 1 Pc",nail-growth-treatment-serum-1-pc,,Number Of Pieces: 1 Pc Product Feature: Promotes Wellness And Self-Care,,Health Accessories,Material: Liquid | | Number Of Pieces: 1 Pc | | Product Feature: Promotes Wellness And Self-Care |,,5.0,,,,,,,,,,,,,,,,,,,,,
,,,,,,,,,,,,,Standard / White,PV_MZ51100000534AFTS_standard_white,870.0,,10,TRUE,"https://content.public.markaz.app/markazimagevideo/public/thumbnails/products/511-223-642772-product-2.webp,https://content.public.markaz.app/markazimagevideo/public/thumbnails/products/511-223-642772-product-3.webp,https://content.public.markaz.app/markazimagevideo/public/thumbnails/products/511-223-642772-product-5.webp,https://content.public.markaz.app/markazimagevideo/public/thumbnails/products/511-223-642772-product-1.webp,https://content.public.markaz.app/markazimagevideo/public/thumbnails/products/511-223-642772-product-9.webp,https://content.public.markaz.app/markazimagevideo/public/products/511-223-642772-product-1.webp,https://content.public.markaz.app/markazimagevideo/public/thumbnails/products/511-223-642772-product-8.webp,https://content.public.markaz.app/markazimagevideo/public/thumbnails/products/511-223-642772-product-6.webp,https://content.public.markaz.app/markazimagevideo/public/thumbnails/products/511-223-642772-product-4.webp,https://content.public.markaz.app/markazimagevideo/public/thumbnails/products/511-223-642772-product-7.webp",,,,,Color,White,Size,Standard,,
Walking Stick Seat Folding Stool – Ergonomic Stainless Steel Support for Seniors & Disabled Individuals,walking-stick-seat-folding-stool-ergonomic-stainless-steel-support-for-seniors-disabled-individuals,,"Number Of Pieces: 1 Pc 2-in-1 Design – Combines a sturdy walking stick with a foldable seat for instant rest anytime, anywhere ? Premium Stainless Steel Frame – Rust-resistant, strong, and lightweight for daily indoor & outdoor use ? Ergonomic Comfort Grip Handles – Sleek, non-slip, and designed for maximum hand comfort and control ? Reliable Support for Seniors & Disabled Users – Ensures balance, mobility, and seated relief during long waits or walks ? Compact & Travel-Friendly – Easy to fold and carry; perfect for parks, queues, events, and shopping",,Health Accessories,"Material: Stainless Steel | | Number Of Pieces: 1 Pc | | 2-in-1 Design – Combines a sturdy walking stick with a foldable seat for instant rest anytime, anywhere | | ? Premium Stainless Steel Frame – Rust-resistant, strong, and lightweight for daily indoor & outdoor use | | ? Ergonomic Comfort Grip Handles – Sleek, non-slip, and designed for maximum hand comfort and control | | ? Reliable Support for Seniors & Disabled Users – Ensures balance, mobility, and seated relief during long waits or walks | | ? Compact & Travel-Friendly – Easy to fold and carry; perfect for parks, queues, events, and shopping |",,5.0,,,,,,,,,,,,,,,,,,,,,
,,,,,,,,,,,,,Standard / Black,PV_MZ2184200011HDSE_standard_black,6209.0,,300,TRUE,"https://content.public.markaz.app/markazimagevideo/public/thumbnails/products/2184-223-691578-product-6.webp,https://content.public.markaz.app/markazimagevideo/public/thumbnails/products/2184-223-691578-product-3.webp,https://content.public.markaz.app/markazimagevideo/public/thumbnails/products/2184-223-691578-product-1.webp,https://content.public.markaz.app/markazimagevideo/public/thumbnails/products/2184-223-691578-product-4.webp,https://content.public.markaz.app/markazimagevideo/public/products/2184-223-691578-product-1.webp,https://content.public.markaz.app/markazimagevideo/public/thumbnails/products/2184-223-691578-product-2.webp,https://content.public.markaz.app/markazimagevideo/public/thumbnails/products/2184-223-691578-product-5.webp",,,,,Color,Black,Size,Standard,,
,,,,,,,,,,,,,Standard / Red,PV_MZ2184200011HDSE_standard_red,6209.0,,300,TRUE,"https://content.public.markaz.app/markazimagevideo/public/thumbnails/products/2184-223-691578-product-6.webp,https://content.public.markaz.app/markazimagevideo/public/thumbnails/products/2184-223-691578-product-3.webp,https://content.public.markaz.app/markazimagevideo/public/thumbnails/products/2184-223-691578-product-1.webp,https://content.public.markaz.app/markazimagevideo/public/thumbnails/products/2184-223-691578-product-4.webp,https://content.public.markaz.app/markazimagevideo/public/products/2184-223-691578-product-1.webp,https://content.public.markaz.app/markazimagevideo/public/thumbnails/products/2184-223-691578-product-2.webp,https://content.public.markaz.app/markazimagevideo/public/thumbnails/products/2184-223-691578-product-5.webp",,,,,Color,Red,Size,Standard,,
,,,,,,,,,,,,,Standard / Blue,PV_MZ2184200011HDSE_standard_blue,6209.0,,300,TRUE,"https://content.public.markaz.app/markazimagevideo/public/thumbnails/products/2184-223-691578-product-6.webp,https://content.public.markaz.app/markazimagevideo/public/thumbnails/products/2184-223-691578-product-3.webp,https://content.public.markaz.app/markazimagevideo/public/thumbnails/products/2184-223-691578-product-1.webp,https://content.public.markaz.app/markazimagevideo/public/thumbnails/products/2184-223-691578-product-4.webp,https://content.public.markaz.app/markazimagevideo/public/products/2184-223-691578-product-1.webp,https://content.public.markaz.app/markazimagevideo/public/thumbnails/products/2184-223-691578-product-2.webp,https://content.public.markaz.app/markazimagevideo/public/thumbnails/products/2184-223-691578-product-5.webp",,,,,Color,Blue,Size,Standard,,
Compact And Lightweight For Travel Or Storage Pain Relief Socks,compact-and-lightweight-for-travel-or-storage-pain-relief-socks,,"Number Of Pieces: 2 Pcs Product Feature: Compact And Lightweight For Travel Or Storage, Durable And Reliable Materials, Easy To Use And Maintain, Supports Various Health Needs, User-Friendly Interfaces For Ease Of Operation",,Health Accessories,"Material: Silicone | | Number Of Pieces: 2 Pcs | | Product Feature: Compact And Lightweight For Travel Or Storage, Durable And Reliable Materials, Easy To Use And Maintain, Supports Various Health Needs, User-Friendly Interfaces For Ease Of Operation |",,5.0,,,,,,,,,,,,,,,,,,,,,
,,,,,,,,,,,,,Standard / Multicolor,PV_MZ1899200038AAOETR_standard_standard,659.0,,100,TRUE,"https://content.public.markaz.app/markazimagevideo/public/thumbnails/products/1899-223-671990-product-3.webp,https://content.public.markaz.app/markazimagevideo/public/thumbnails/products/1899-223-671990-product-1-withcode.webp,https://content.public.markaz.app/markazimagevideo/public/products/1899-223-671990-product-1.webp,https://content.public.markaz.app/markazimagevideo/public/thumbnails/products/1899-223-671990-product-1.webp,https://content.public.markaz.app/markazimagevideo/public/thumbnails/products/1899-223-671990-product-4.webp,https://content.public.markaz.app/markazimagevideo/public/thumbnails/products/1899-223-671990-product-2.webp",,,,,Color,Multicolor,Size,Standard,,
10 Pcs Detox Foot Pads Patches,10-pcs-detox-foot-pads-patches,,"Experience targeted relief from headaches with our Headache Relief Patch. Designed for non-invasive application, it offers long-lasting comfort without the side effects of oral medications.",,Health Accessories,Material: Cloth | | Number Of Pieces: 10 Pcs | | Product Feature: Affordable And Accessible Solutions |,,5.0,,,,,,,,,,,,,,,,,,,,,
,,,,,,,,,,,,,Standard Size / Beige,PV_MZ1347200486CNCS_standard-size_beige,1180.0,,557,TRUE,"https://content.public.markaz.app/markazimagevideo/public/thumbnails/products/1347-223-595200-product-1.jpg,https://content.public.markaz.app/markazimagevideo/public/thumbnails/products/1347-223-595200-product-5.jpg,https://content.public.markaz.app/markazimagevideo/public/products/1347-223-595200-product-1.jpg,https://content.public.markaz.app/markazimagevideo/public/thumbnails/products/1347-223-595200-product-4.jpg,https://content.public.markaz.app/markazimagevideo/public/thumbnails/products/1347-223-595200-product-6.jpg,https://content.public.markaz.app/markazimagevideo/public/thumbnails/products/1347-223-595200-product-2.jpg,https://content.public.markaz.app/markazimagevideo/public/thumbnails/products/1347-223-595200-product-7.jpg,https://content.public.markaz.app/markazimagevideo/public/thumbnails/products/1347-223-595200-product-3.jpg",,,,,Size,Standard Size,Color,Beige,,
,,,,,,,,,,,,,Standard Size / Beige,PV_MZ1408200469IATS_standard-size_beige,1200.0,,872,TRUE,"https://content.public.markaz.app/markazimagevideo/public/thumbnails/products/1408-223-595202-product-6.jpg,https://content.public.markaz.app/markazimagevideo/public/thumbnails/products/1408-223-595202-product-4.jpg,https://content.public.markaz.app/markazimagevideo/public/thumbnails/products/1408-223-595202-product-1.jpg,https://content.public.markaz.app/markazimagevideo/public/thumbnails/products/1408-223-595202-product-7.jpg,https://content.public.markaz.app/markazimagevideo/public/thumbnails/products/1408-223-595202-product-5.jpg,https://content.public.markaz.app/markazimagevideo/public/products/1408-223-595202-product-1.jpg,https://content.public.markaz.app/markazimagevideo/public/thumbnails/products/1408-223-595202-product-2.jpg,https://content.public.markaz.app/markazimagevideo/public/thumbnails/products/1408-223-595202-product-3.jpg",,,,,Size,Standard Size,Color,Beige,,
Health Needs Nebulizer,health-needs-nebulizer,,Number Of Pieces: 1 Pc Product Feature: Supports Various Health Needs,,Health Accessories,Material: ABS Plastic | | Number Of Pieces: 1 Pc | | Product Feature: Supports Various Health Needs |,,5.0,,,,,,,,,,,,,,,,,,,,,
,,,,,,,,,,,,,Standard Size / Multicolor,PV_MZ1172200728SE_standard-size_standard,1700.0,,100,TRUE,"https://content.public.markaz.app/markazimagevideo/public/products/1172-223-693551-product-2.webp,https://content.public.markaz.app/markazimagevideo/public/thumbnails/products/1172-223-693551-product-6.webp,https://content.public.markaz.app/markazimagevideo/public/thumbnails/products/1172-223-693551-product-5.webp,https://content.public.markaz.app/markazimagevideo/public/thumbnails/products/1172-223-693551-product-4.webp,https://content.public.markaz.app/markazimagevideo/public/thumbnails/products/1172-223-693551-product-2.webp,https://content.public.markaz.app/markazimagevideo/public/thumbnails/products/1172-223-693551-product-3.webp,https://content.public.markaz.app/markazimagevideo/public/thumbnails/products/1172-223-693551-product-7.webp,https://content.public.markaz.app/markazimagevideo/public/thumbnails/products/1172-223-693551-product-8.webp",,,,,Size,Standard Size,Color,Multicolor,,
Sugar Control Acupressure Point Clip,sugar-control-acupressure-point-clip,,Number Of Pieces: 2 Pcs,,Health Accessories,Material: ABS Plastic | | Number Of Pieces: 2 Pcs |,,5.0,,,,,,,,,,,,,,,,,,,,,
,,,,,,,,,,,,,Standard Size / Black,PV_MZ1474200075ZNCN_standard-size_black,880.0,,282,TRUE,"https://content.public.markaz.app/markazimagevideo/public/products/1474-223-587689-product-1.png,https://content.public.markaz.app/markazimagevideo/public/thumbnails/products/1474-223-587689-product-1.png,https://content.public.markaz.app/markazimagevideo/public/thumbnails/products/1474-223-587689-product-1-withcode.png,https://content.public.markaz.app/markazimagevideo/public/thumbnails/products/1474-223-587689-product-2.jpg,https://content.public.markaz.app/markazimagevideo/public/thumbnails/products/1474-223-587689-product-4.jpg,https://content.public.markaz.app/markazimagevideo/public/thumbnails/products/1474-223-587689-product-3.jpg",,,,,Size,Standard Size,Color,Black,,
Hot Water Bottle,hot-water-bottle,,"A Versatile Hot Water Heating Pad Made From Durable Rubber, Perfect For Soothing Aches And Pains. Its Multicolor Design Adds A Touch Of Style While Providing Effective Heat Therapy.",,Health Accessories,Material: Synthetic Rubber | | Number Of Pieces: 1 Pc | | Random Color Will Be Dispatched |,,5.0,,,,,,,,,,,,,,,,,,,,,
,,,,,,,,,,,,,Standard Size / Multicolor,PV_MZ1338200002EEWD_standard-size_standard,890.0,,987,TRUE,"https://content.public.markaz.app/markazimagevideo/public/thumbnails/products/1338-223-457453-product-1.jpg,https://content.public.markaz.app/markazimagevideo/public/thumbnails/products/1338-223-457453-product-4.jpg,https://content.public.markaz.app/markazimagevideo/public/thumbnails/products/1338-223-457453-product-3.jpg,https://content.public.markaz.app/markazimagevideo/public/products/1338-223-457453-product-1.jpg,https://content.public.markaz.app/markazimagevideo/public/thumbnails/products/1338-223-457453-product-1-withcode.jpg,https://content.public.markaz.app/markazimagevideo/public/thumbnails/products/1338-223-457453-product-2.jpg",,,,,Size,Standard Size,Color,Multicolor,,
"1 Pc Sugar Control L14 Acupressure Point Clip - Durable, User",1-pc-sugar-control-l14-acupressure-point-clip---durable-user,,"Harness the power of acupressure with the Sugar Control L14 Clip, designed to promote wellness and support various health needs. Made from durable ABS plastic, this single-piece clip is easy to use and maintain, making it a convenient accessory for health-conscious individuals. Keep your health in check effortlessly with this innovative tool!",,Health Accessories,Material: ABS Plastic | | Number Of Pieces: 1 Pc |,,5.0,,,,,,,,,,,,,,,,,,,,,
,,,,,,,,,,,,,Standard Size / Black,PV_MZ1474200065ZNCN_standard-size_black,710.0,,187,TRUE,"https://content.public.markaz.app/markazimagevideo/public/thumbnails/products/1474-223-562822-product-1-withcode.png,https://content.public.markaz.app/markazimagevideo/public/thumbnails/products/1474-223-562822-product-2.jpg,https://content.public.markaz.app/markazimagevideo/public/thumbnails/products/1474-223-562822-product-1.png,https://content.public.markaz.app/markazimagevideo/public/thumbnails/products/1474-223-562822-product-4.jpg,https://content.public.markaz.app/markazimagevideo/public/products/1474-223-562822-product-1.png,https://content.public.markaz.app/markazimagevideo/public/thumbnails/products/1474-223-562822-product-3.jpg",,,,,Size,Standard Size,Color,Black,,
Comfort On-the-Go: 2 Pcs Durable Hot Water Bottles for All Lifestyles,comfort-on-the-go-2-pcs-durable-hot-water-bottles-for-all-lifestyles,,"Experience comfort and convenience with our 2 Pcs Hot Water Bottles, designed to seamlessly fit into any lifestyle. Made from durable plastic, these portable bottles provide affordable and accessible solutions for warmth and relaxation, enhancing your self-care routine wherever you are. Stay cozy and relaxed anytime, anywhere!",,Health Accessories,"Material: Plastic | | Number Of Pieces: 2 Pcs | | Product Feature: Affordable And Accessible Solutions, Compatible With Different Lifestyles, Durable And Reliable Materials, Enhances Comfort And Convenience, Reusable, Portable | | Length: 9 Inches | | Width: 2.5 Inches | | Height: 2.3 Inches | | Capacity: 800 Ml |",,5.0,,,,,,,,,,,,,,,,,,,,,
,,,,,,,,,,,,,Standard / Blue,PV_MZ1826200002AE_standard_blue,809.0,,100,TRUE,"https://content.public.markaz.app/markazimagevideo/public/thumbnails/products/1826-223-660649-product-7.webp,https://content.public.markaz.app/markazimagevideo/public/products/1826-223-660649-product-1.webp,https://content.public.markaz.app/markazimagevideo/public/thumbnails/products/1826-223-660649-product-2.webp,https://content.public.markaz.app/markazimagevideo/public/thumbnails/products/1826-223-660649-product-1.webp,https://content.public.markaz.app/markazimagevideo/public/thumbnails/products/1826-223-660649-product-3.webp,https://content.public.markaz.app/markazimagevideo/public/thumbnails/products/1826-223-660649-product-5.webp,https://content.public.markaz.app/markazimagevideo/public/thumbnails/products/1826-223-660649-product-4.webp,https://content.public.markaz.app/markazimagevideo/public/thumbnails/products/1826-223-660649-product-1-withcode.webp,https://content.public.markaz.app/markazimagevideo/public/thumbnails/products/1826-223-660649-product-6.webp",,2.3,2.5,,Color,Blue,Size,Standard,,
Mesh Nebulizer JSL,mesh-nebulizer-jsl,,"Breathe easier with the JSL-W302 Mesh Nebulizer. This compact and powerful device is designed to provide quick relief for respiratory issues like cough, asthma, and allergies. Whether you are at home or traveling, its portable and silent design makes it easy for both adults and children to use anytime, anywhere.",,Health Accessories,"Material: ABS Plastic | | Number Of Pieces: 1 Pc | | Product Feature: Affordable And Accessible Solutions, Breathable And Hypoallergenic Materials For Sensitive Skin, Clinically-Proven Effectiveness For Specific Health Concerns, Compact And Lightweight For Travel Or Storage, Designed For Safety And Effectiveness, Durable And Reliable Materials | | Fast-Acting Relief: Designed for quick recovery from cough, asthma, and nasal congestion. | | Portable & Silent: Small enough to carry in your bag and operates quietly for discreet use. | | For All Ages: Safe and effective for infants, children, and adults. | | Easy to Use: Simple one-button operation and easy to clean after use. | | Breathe Better: Supports overall respiratory wellness with advanced mesh technology. |",,5.0,,,,,,,,,,,,,,,,,,,,,
,,,,,,,,,,,,,Standard Size / Blue,PV_MZ1533200182SGSE_standard-size_blue,1390.0,,100,TRUE,"https://content.public.markaz.app/markazimagevideo/public/thumbnails/products/1533-223-690595-product-3.webp,https://content.public.markaz.app/markazimagevideo/public/thumbnails/products/1533-223-690595-product-5.webp,https://content.public.markaz.app/markazimagevideo/public/thumbnails/products/1533-223-690595-product-2.webp,https://content.public.markaz.app/markazimagevideo/public/products/1533-223-690595-product-1.webp,https://content.public.markaz.app/markazimagevideo/public/thumbnails/products/1533-223-690595-product-1.webp,https://content.public.markaz.app/markazimagevideo/public/thumbnails/products/1533-223-690595-product-4.webp",,,,,Size,Standard Size,Color,Blue,,
"Finger Gripper, Pack Of 2",finger-gripper-pack-of-2,,Number Of Pieces: 2 Pcs Length: 11.23 Cm Width: 3.5 Cm,,Health Accessories,Material: Synthetic Rubber | | Number Of Pieces: 2 Pcs | | Length: 11.23 Cm | | Width: 3.5 Cm |,,5.0,,,,,,,,,,,,,,,,,,,,,
,,,,,,,,,,,,,Standard / Black,PV_MZ51100000056AFTS_standard_black,760.0,,10,TRUE,"https://content.public.markaz.app/markazimagevideo/public/thumbnails/products/511-223-449837-product-6.webp,https://content.public.markaz.app/markazimagevideo/public/thumbnails/products/511-223-449837-product-7.webp,https://content.public.markaz.app/markazimagevideo/public/thumbnails/products/511-223-449837-product-9.webp,https://content.public.markaz.app/markazimagevideo/public/thumbnails/products/511-223-449837-product-8.webp,https://content.public.markaz.app/markazimagevideo/public/thumbnails/products/511-223-449837-product-4.jpg,https://content.public.markaz.app/markazimagevideo/public/products/511-223-449837-product-1.jpg,https://content.public.markaz.app/markazimagevideo/public/thumbnails/products/511-223-449837-product-2.jpg,https://content.public.markaz.app/markazimagevideo/public/thumbnails/products/511-223-449837-product-1.jpg,https://content.public.markaz.app/markazimagevideo/public/thumbnails/products/511-223-449837-product-5.jpg,https://content.public.markaz.app/markazimagevideo/public/thumbnails/products/511-223-449837-product-3.jpg,https://content.public.markaz.app/markazimagevideo/public/thumbnails/products/511-223-449837-product-1-withcode.jpg",,,3.5,,Color,Black,Size,Standard,,
,,,,,,,,,,,,,Standard / Grey,PV_MZ51100000056AFTS_standard_grey,760.0,,10,TRUE,"https://content.public.markaz.app/markazimagevideo/public/thumbnails/products/511-223-449837-product-6.webp,https://content.public.markaz.app/markazimagevideo/public/thumbnails/products/511-223-449837-product-7.webp,https://content.public.markaz.app/markazimagevideo/public/thumbnails/products/511-223-449837-product-9.webp,https://content.public.markaz.app/markazimagevideo/public/thumbnails/products/511-223-449837-product-8.webp,https://content.public.markaz.app/markazimagevideo/public/thumbnails/products/511-223-449837-product-4.jpg,https://content.public.markaz.app/markazimagevideo/public/products/511-223-449837-product-1.jpg,https://content.public.markaz.app/markazimagevideo/public/thumbnails/products/511-223-449837-product-2.jpg,https://content.public.markaz.app/markazimagevideo/public/thumbnails/products/511-223-449837-product-1.jpg,https://content.public.markaz.app/markazimagevideo/public/thumbnails/products/511-223-449837-product-5.jpg,https://content.public.markaz.app/markazimagevideo/public/thumbnails/products/511-223-449837-product-3.jpg,https://content.public.markaz.app/markazimagevideo/public/thumbnails/products/511-223-449837-product-1-withcode.jpg",,,3.5,,Color,Grey,Size,Standard,,
Portable Walking Stick,portable-walking-stick,,Number Of Pieces: 1 Pc Product Feature: Portable Length: 9.6 Inches Width: 9.5 Inches Height: 33.8 Inches Capacity: 150 Kgs,,Health Accessories,Material: Stainless Steel | | Number Of Pieces: 1 Pc | | Product Feature: Portable | | Length: 9.6 Inches | | Width: 9.5 Inches | | Height: 33.8 Inches | | Capacity: 150 Kgs |,,5.0,,,,,,,,,,,,,,,,,,,,,
,,,,,,,,,,,,,Standard / Black,PV_MZ2057200007SSAMHETS_standard_black,6865.0,,65,TRUE,"https://content.public.markaz.app/markazimagevideo/public/thumbnails/products/2057-223-688133-product-2.webp,https://content.public.markaz.app/markazimagevideo/public/thumbnails/products/2057-223-688133-product-1.webp,https://content.public.markaz.app/markazimagevideo/public/thumbnails/products/2057-223-688133-product-3.webp,https://content.public.markaz.app/markazimagevideo/public/thumbnails/products/2057-223-688133-product-4.webp,https://content.public.markaz.app/markazimagevideo/public/products/2057-223-688133-product-1.webp,https://content.public.markaz.app/markazimagevideo/public/thumbnails/products/2057-223-688133-product-5.webp,https://content.public.markaz.app/markazimagevideo/public/thumbnails/products/2057-223-688133-product-6.webp",,33.8,9.5,,Color,Black,Size,Standard,,
,,,,,,,,,,,,,Standard / Red,PV_MZ2057200007SSAMHETS_standard_red,6865.0,,65,TRUE,"https://content.public.markaz.app/markazimagevideo/public/thumbnails/products/2057-223-688133-product-2.webp,https://content.public.markaz.app/markazimagevideo/public/thumbnails/products/2057-223-688133-product-1.webp,https://content.public.markaz.app/markazimagevideo/public/thumbnails/products/2057-223-688133-product-3.webp,https://content.public.markaz.app/markazimagevideo/public/thumbnails/products/2057-223-688133-product-4.webp,https://content.public.markaz.app/markazimagevideo/public/products/2057-223-688133-product-1.webp,https://content.public.markaz.app/markazimagevideo/public/thumbnails/products/2057-223-688133-product-5.webp,https://content.public.markaz.app/markazimagevideo/public/thumbnails/products/2057-223-688133-product-6.webp",,33.8,9.5,,Color,Red,Size,Standard,,
,,,,,,,,,,,,,Standard / Blue,PV_MZ2057200007SSAMHETS_standard_blue,6865.0,,65,TRUE,"https://content.public.markaz.app/markazimagevideo/public/thumbnails/products/2057-223-688133-product-2.webp,https://content.public.markaz.app/markazimagevideo/public/thumbnails/products/2057-223-688133-product-1.webp,https://content.public.markaz.app/markazimagevideo/public/thumbnails/products/2057-223-688133-product-3.webp,https://content.public.markaz.app/markazimagevideo/public/thumbnails/products/2057-223-688133-product-4.webp,https://content.public.markaz.app/markazimagevideo/public/products/2057-223-688133-product-1.webp,https://content.public.markaz.app/markazimagevideo/public/thumbnails/products/2057-223-688133-product-5.webp,https://content.public.markaz.app/markazimagevideo/public/thumbnails/products/2057-223-688133-product-6.webp",,33.8,9.5,,Color,Blue,Size,Standard,,
Compact Tummy Twister,compact-tummy-twister,,"Experience effective core workouts anywhere with our Compact Tummy Twister! This lightweight set includes 1 Twister Plate and 1 Single Spring, designed for easy maintenance and portability. With durable materials, it offers a reliable solution to enhance your fitness routine at home or on the go. Perfect for effective exercise without sacrificing space!",,Health Accessories,"Material: Plastic, Metal | | Number Of Pieces: 2 Pcs | | Product Feature: Compact And Lightweight For Travel Or Storage, Durable And Reliable Materials, Easy To Use And Maintain |",,5.0,,,,,,,,,,,,,,,,,,,,,
,,,,,,,,,,,,,Free Size / Black,PV_MZ1177200007CYCS_standard_black,2209.0,,100,TRUE,https://content.public.markaz.app/markazimagevideo/public/products/1177-223-549888-product-1.jpg,,,,,Size,Free Size,Color,Black,,
Joint Pain Relief Oil,joint-pain-relief-oil,,"Sukoon Joint-On Oil Is Designed To Provide Effective Relief From Joint And Muscle Pain. With Its Soothing Properties, It Promotes Wellness And Supports Your Active Lifestyle.",,Health Accessories,Material: Oil | | Number Of Pieces: 1 Pc | | Product Feature: Promotes Wellness And Self-Care | | Capacity: 50 Ml |,,5.0,,,,,,,,,,,,,,,,,,,,,
,,,,,,,,,,,,,50 Ml / Brown,PV_MZ1296200121GDBY_50-ml_brown,859.0,,100,TRUE,https://content.public.markaz.app/markazimagevideo/public/products/1296-223-470088-product-1.jpg,,,,,Size,50 Ml,Color,Brown,,
,,,,,,,,,,,,,30 Ml / Yellow,PV_MZ1180200159HSTS_30-ml_yellow,819.0,,100,TRUE,https://content.public.markaz.app/markazimagevideo/public/products/1180-223-601392-product-1.jpeg,,,,,Size,30 Ml,Color,Yellow,,
Icing Cap,icing-cap,,Number Of Pieces: 1 Pc,,Health Accessories,Material: Silicone | | Number Of Pieces: 1 Pc |,,5.0,,,,,,,,,,,,,,,,,,,,,
,,,,,,,,,,,,,Adjustable / Blue,PV_MZ1701200410ALHAGS_adjustable_blue,1159.0,,49,TRUE,"https://content.public.markaz.app/markazimagevideo/public/thumbnails/products/1701-223-628812-product-5.jpg,https://content.public.markaz.app/markazimagevideo/public/thumbnails/products/1701-223-628812-product-2-withcode.jpg,https://content.public.markaz.app/markazimagevideo/public/products/1701-223-628812-product-2.jpg,https://content.public.markaz.app/markazimagevideo/public/thumbnails/products/1701-223-628812-product-4.jpg,https://content.public.markaz.app/markazimagevideo/public/thumbnails/products/1701-223-628812-product-2.jpg,https://content.public.markaz.app/markazimagevideo/public/thumbnails/products/1701-223-628812-product-3.jpg",,,,,Size,Adjustable,Color,Blue,,
Surgical Scissors,surgical-scissors,,Number Of Pieces: 1 Pc,,Health Accessories,Material: Stainless Steel | | Number Of Pieces: 1 Pc |,,5.0,,,,,,,,,,,,,,,,,,,,,
,,,,,,,,,,,,,Standard / Silver,PV_MZ1338200032EEWD_standard_silver,730.0,,1,TRUE,https://content.public.markaz.app/markazimagevideo/public/products/1338-223-466244-product-1.jpg,,,,,Color,Silver,Size,Standard,,
"Joint Pain Relief Oil, 50 Ml",joint-pain-relief-oil-50-ml,,Number Of Pieces: 1 Pc Product Feature: Promotes Wellness And Self-Care Capacity: 50 Ml,,Health Accessories,Material: Oil | | Number Of Pieces: 1 Pc | | Product Feature: Promotes Wellness And Self-Care | | Capacity: 50 Ml |,,5.0,,,,,,,,,,,,,,,,,,,,,
,,,,,,,,,,,,,Standard Size / Brown,PV_MZ1296200009GDBY_standard-size_brown,877.0,,100,TRUE,"https://content.public.markaz.app/markazimagevideo/public/thumbnails/products/1296-223-445570-product-3.jpg,https://content.public.markaz.app/markazimagevideo/public/thumbnails/products/1296-223-445570-product-1-withcode.jpg,https://content.public.markaz.app/markazimagevideo/public/thumbnails/products/1296-223-445570-product-1.jpg,https://content.public.markaz.app/markazimagevideo/public/thumbnails/products/1296-223-445570-product-5.jpg,https://content.public.markaz.app/markazimagevideo/public/thumbnails/products/1296-223-445570-product-4.jpg,https://content.public.markaz.app/markazimagevideo/public/thumbnails/products/1296-223-445570-product-6.jpg,https://content.public.markaz.app/markazimagevideo/public/thumbnails/products/1296-223-445570-product-2.jpg,https://content.public.markaz.app/markazimagevideo/public/products/1296-223-445570-product-1.jpg",,,,,Size,Standard Size,Color,Brown,,
Effective Joint Pain Relief Oil – 30 ml for Wellness and Self-Care (1 Pc,effective-joint-pain-relief-oil-30-ml-for-wellness-and-self-care-1-pc,,"Experience the power of our Joint Pain Relief Oil, designed for clinically-proven effectiveness in targeting specific health concerns. This 30 ml oil promotes wellness and self-care, making it an essential addition to your health routine. Use it to alleviate discomfort and support your overall health, ensuring you stay active and pain-free!",,Health Accessories,"Material: Oil | | Number Of Pieces: 1 Pc | | Product Feature: Clinically-Proven Effectiveness For Specific Health Concerns, Promotes Wellness And Self-Care | | Capacity: 30 ml |",,5.0,,,,,,,,,,,,,,,,,,,,,
,,,,,,,,,,,,,Standard Size / Brown,PV_MZ69100000245AIBSFD_standard-size_brown,830.0,,100,TRUE,https://content.public.markaz.app/markazimagevideo/public/products/691-223-603925-product-1.jpg,,,,,Size,Standard Size,Color,Brown,,
Moov Fast Pain Relief Cream Formula Nilgiri Oil,moov-fast-pain-relief-cream-formula-nilgiri-oil,,"Number Of Pieces: 1 Pc Product Feature: Affordable And Accessible Solutions, Clinically-Proven Effectiveness For Specific Health Concerns, Supports Various Health Needs Modern lifestyles can cause both men and women to suffer from innumerable pains, for several reasons, on various body parts. Pain always comes in uninvited and can occur even while doing everyday tasks such as lifting heavy objects or wrong posture at work or home. But you need not worry if you have Moov’s trusted pain relief formula by your side. Moov pain relief cream/spray is one of India's most popular ointments for fast pain relief amongst the homemakers. It is an analgesic (or pain relieving) ointment made using 100 percent ayurvedic ingredients",,Health Accessories,"Material: Liquid | | Number Of Pieces: 1 Pc | | Product Feature: Affordable And Accessible Solutions, Clinically-Proven Effectiveness For Specific Health Concerns, Supports Various Health Needs | | Modern lifestyles can cause both men and women to suffer from innumerable pains, for several reasons, on various body parts. Pain always comes in uninvited and can occur even while doing everyday tasks such as lifting heavy objects or wrong posture at work or home. But you need not worry if you have Moov’s trusted pain relief formula by your side. Moov pain relief cream/spray is one of India's most popular ointments for fast pain relief amongst the homemakers. It is an analgesic (or pain relieving) ointment made using 100 percent ayurvedic ingredients |",,5.0,,,,,,,,,,,,,,,,,,,,,
,,,,,,,,,,,,,Standard / Purple,PV_MZ1075200035BYHB_standard_purple,705.0,,100,TRUE,https://content.public.markaz.app/markazimagevideo/public/products/1075-223-693057-product-1.webp,,,,,Color,Purple,Size,Standard,,
Promotes Wellness and Self,promotes-wellness-and-self,,"Experience the ultimate comfort and care with our Gel Icing Caps, designed to promote wellness and self-care. This 2-piece set is perfect for soothing aches and enhancing relaxation. Each cap is crafted from high-quality gel material for maximum effectiveness and ease of use. Refresh your self-care routine with the perfect solution for your health needs!",,Health Accessories,Material: Gel | | Number Of Pieces: 2 Pcs | | Product Feature: Promotes Wellness And Self-Care |,,5.0,,,,,,,,,,,,,,,,,,,,,
,,,,,,,,,,,,,Standard / Multicolor,PV_MZ51100000446AFTS_standard_standard,1785.0,,10,TRUE,"https://content.public.markaz.app/markazimagevideo/public/thumbnails/products/511-223-619069-product-8.jpg,https://content.public.markaz.app/markazimagevideo/public/thumbnails/products/511-223-619069-product-2.jpg,https://content.public.markaz.app/markazimagevideo/public/thumbnails/products/511-223-619069-product-1.jpg,https://content.public.markaz.app/markazimagevideo/public/thumbnails/products/511-223-619069-product-3.jpg,https://content.public.markaz.app/markazimagevideo/public/products/511-223-619069-product-1.jpg,https://content.public.markaz.app/markazimagevideo/public/thumbnails/products/511-223-619069-product-5.jpg,https://content.public.markaz.app/markazimagevideo/public/thumbnails/products/511-223-619069-product-9.jpg,https://content.public.markaz.app/markazimagevideo/public/thumbnails/products/511-223-619069-product-1-withcode.jpg,https://content.public.markaz.app/markazimagevideo/public/thumbnails/products/511-223-619069-product-4.jpg,https://content.public.markaz.app/markazimagevideo/public/thumbnails/products/511-223-619069-product-7.jpg,https://content.public.markaz.app/markazimagevideo/public/thumbnails/products/511-223-619069-product-6.jpg",,,,,Color,Multicolor,Size,Standard,,
,,,,,,,,,,,,,Standard / Multicolor,PV_MZ51100000448AFTS_standard_standard,3705.0,,10,TRUE,"https://content.public.markaz.app/markazimagevideo/public/thumbnails/products/511-223-619071-product-3.jpg,https://content.public.markaz.app/markazimagevideo/public/thumbnails/products/511-223-619071-product-1.jpg,https://content.public.markaz.app/markazimagevideo/public/thumbnails/products/511-223-619071-product-9.jpg,https://content.public.markaz.app/markazimagevideo/public/thumbnails/products/511-223-619071-product-4.jpg,https://content.public.markaz.app/markazimagevideo/public/thumbnails/products/511-223-619071-product-5.jpg,https://content.public.markaz.app/markazimagevideo/public/products/511-223-619071-product-1.jpg,https://content.public.markaz.app/markazimagevideo/public/thumbnails/products/511-223-619071-product-8.jpg,https://content.public.markaz.app/markazimagevideo/public/thumbnails/products/511-223-619071-product-6.jpg,https://content.public.markaz.app/markazimagevideo/public/thumbnails/products/511-223-619071-product-1-withcode.jpg,https://content.public.markaz.app/markazimagevideo/public/thumbnails/products/511-223-619071-product-7.jpg,https://content.public.markaz.app/markazimagevideo/public/thumbnails/products/511-223-619071-product-2.jpg",,,,,Color,Multicolor,Size,Standard,,
Medicine Dispenser,medicine-dispenser,,Medicine Dispenser,,Health Accessories,Material: Plastic | | Product Type: Medicine Dispenser | | Product Details: Takes Out And Peels Medicines |,,4.2,,,,,,,,,,,,,,,,,,,,,
,,,,,,,,,,,,,Standard,PV_MZ67800063MFCTL_standard_standard,609.0,,10,TRUE,https://content.public.markaz.app/markazimagevideo/public/products/696-223-284955-product-1.jpeg,,,,,Size,Standard,Color,Standard,,
"10 Pcs Headache Relief Patch - Non-Invasive, Long",10-pcs-headache-relief-patch---non-invasive-long,,"Discover the power of targeted relief with our 10 Pcs Headache Relief Patch. Designed for convenient and effective use, these non-invasive patches provide long-lasting comfort wherever you are. Their innovative technology ensures maximum effectiveness, promoting wellness and self-care to help you feel your best amidst a busy lifestyle.",,Health Accessories,"Material: ABS | | Number Of Pieces: 10 Pcs | | Product Feature: Non-Invasive, Targeted Relief, Long-Lasting Relief | | Length: 5 Cm | | Width: 5 Cm |",,5.0,,,,,,,,,,,,,,,,,,,,,
,,,,,,,,,,,,,Standard Size / Multicolor,PV_MZ1347200485CNCS_standard-size_standard,890.0,,100,TRUE,https://content.public.markaz.app/markazimagevideo/public/products/1347-223-595199-product-1.jpg,,,5,,Size,Standard Size,Color,Multicolor,,
Dental Kit,dental-kit,,Number Of Pieces: 3 Pcs,,Health Accessories,Material: Stainless Steel | | Number Of Pieces: 3 Pcs |,,5.0,,,,,,,,,,,,,,,,,,,,,
,,,,,,,,,,,,,Standard / Silver,PV_MZ1338200030EEWD_standard_silver,730.0,,1,TRUE,https://content.public.markaz.app/markazimagevideo/public/products/1338-223-466240-product-1.jpg,,,,,Color,Silver,Size,Standard,,
2 Pcs Silicone Tip Toe Breathable Foot Protector,2-pcs-silicone-tip-toe-breathable-foot-protector,,Adjustable Silicone Pads,,Health Accessories,"Material: Silicon | | Product Type: Foot Care Protector | | Product Details: The silicone product is very soft and can relieve the swelling and pain of the foot bone while wearing shoes, and preventthe shoe from squeezing the toes out. | | This product is recommended for bunions, toe friction pain, and high heels. | | Adjustable |",,4.6,,,,,,,,,,,,,,,,,,,,,
,,,,,,,,,,,,,Adjustable / Standard,PV_MZ55200040NSCST_adjustable_standard,520.0,,100,TRUE,https://content.public.markaz.app/markazimagevideo/public/products/571-42516-233275-product-3.jpeg,,,,,Size,Adjustable,Color,Standard,,
Training Suture Kit,training-suture-kit,,Number Of Pieces: 1 Pc,,Health Accessories,"Material: Stainless Steel, Silicone, Plastic | | Number Of Pieces: 1 Pc |",,5.0,,,,,,,,,,,,,,,,,,,,,
,,,,,,,,,,,,,Standard / Multicolor,PV_MZ1338200074EEWD_standard_standard,2610.0,,1,TRUE,https://content.public.markaz.app/markazimagevideo/public/products/1338-223-639802-product-1.webp,,,,,Color,Multicolor,Size,Standard,,
72 Pcs Skin Tag Remover,72-pcs-skin-tag-remover,,"Discover the innovative solution to unwanted skin tags with our 72 Pcs Skin Tag Remover. Made from breathable and hypoallergenic cotton, this user-friendly product ensures comfort and safety for all skin types. Easy to use and designed for effective removal, it's the perfect addition to your self-care routine. Enjoy the confidence of clear skin with a trusted and convenient choice!",,Health Accessories,Material: Cotton | | Number Of Pieces: 72 Pcs |,,5.0,,,,,,,,,,,,,,,,,,,,,
,,,,,,,,,,,,,Standard Size / White,PV_MZ1776200105BYBZHE_standard-size_white,594.0,,10,TRUE,https://content.public.markaz.app/markazimagevideo/public/products/1776-223-676067-product-1.webp,,,,,Size,Standard Size,Color,White,,
50ml Joint Pain Relief Oil - Clinically Proven for Wellness & Self-Care (1 Pc,50ml-joint-pain-relief-oil---clinically-proven-for-wellness-self-care-1-pc,,"Experience rapid relief with our 50ml Joint Pain Relief Oil, designed for specific health concerns. This clinically-proven formula promotes wellness and self-care, ensuring you feel your best every day. Ideal for soothing discomfort, it’s a must-have addition to your wellness regime. Just one product can make a world of difference!",,Health Accessories,"Material: Oil | | Number Of Pieces: 1 Pc | | Product Feature: Clinically-Proven Effectiveness For Specific Health Concerns, Promotes Wellness And Self-Care | | Capacity: 50 Ml |",,5.0,,,,,,,,,,,,,,,,,,,,,
,,,,,,,,,,,,,Standard Size / Brown,PV_MZ1013200120ZBSP_standard-size_brown,860.0,,100,TRUE,https://content.public.markaz.app/markazimagevideo/public/products/1013-223-607684-product-1.jpg,,,,,Size,Standard Size,Color,Brown,,
Face Mask,face-mask,,Arabic Saudi Face Mask Pack of 3  Face Cover Face Protection Imported Fabric Washable Ready to Use,,Health Accessories,"Material: Cloth | | Number Of Pieces: 3 Pcs | | Bidoon Essma Face Mask – Jet Black Wool Chiffon (Korean Fabric) | | Description: | | Elevate your modest style with the Bidoon Essma Face Mask, crafted from premium Korean wool chiffon in a sophisticated jet black shade. Designed for breathability and comfort, this luxurious mask offers lightweight coverage while maintaining elegance. | | Key Features: | | ? Premium Korean Wool Chiffon – Ultra-soft, breathable, and comfortable for all-day wear | | ? Jet Black Color – Versatile and stain-resistant for a polished look | | ? Lightweight & Stretchy – Provides a snug, adjustable fit without irritation | | ? Modest & Stylish – Perfect for hijabis and modest fashion lovers | | ? Bidoon Essma Quality – Durable stitching and luxurious finish |",,5.0,,,,,,,,,,,,,,,,,,,,,
,,,,,,,,,,,,,Standard / Black,PV_MZ1239200041BNEA_standard_black,1309.0,,10,TRUE,"https://content.public.markaz.app/markazimagevideo/public/thumbnails/products/1239-223-683759-product-5.webp,https://content.public.markaz.app/markazimagevideo/public/thumbnails/products/1239-223-683759-product-1.webp,https://content.public.markaz.app/markazimagevideo/public/thumbnails/products/1239-223-683759-product-6.webp,https://content.public.markaz.app/markazimagevideo/public/thumbnails/products/1239-223-683759-product-3.webp,https://content.public.markaz.app/markazimagevideo/public/thumbnails/products/1239-223-683759-product-4.webp,https://content.public.markaz.app/markazimagevideo/public/products/1239-223-683759-product-1.webp,https://content.public.markaz.app/markazimagevideo/public/thumbnails/products/1239-223-683759-product-2.webp",,,,,Color,Black,Size,Standard,,
,,,,,,,,,,,,,Standard / Blue,PV_MZ2062200066BCNS_standard_blue,1109.0,,100,TRUE,https://content.public.markaz.app/markazimagevideo/public/products/2062-223-692542-product-2063.webp,,,,,Color,Blue,Size,Standard,,
Kinoki 10 Pcs Foot Pain Relief Patch,kinoki-10-pcs-foot-pain-relief-patch,,"Number Of Pieces: 10 Pcs Product Feature: Breathable And Hypoallergenic Materials For Sensitive Skin, Clinically-Proven Effectiveness For Specific Health Concerns, Compact And Lightweight For Travel Or Storage, Easy To Use And Maintain, Enhances Comfort And Convenience, Supports Various Health Needs, Promotes Wellness And Self-Care",,Health Accessories,"Material: Cotton | | Number Of Pieces: 10 Pcs | | Product Feature: Breathable And Hypoallergenic Materials For Sensitive Skin, Clinically-Proven Effectiveness For Specific Health Concerns, Compact And Lightweight For Travel Or Storage, Easy To Use And Maintain, Enhances Comfort And Convenience, Supports Various Health Needs, Promotes Wellness And Self-Care |",,5.0,,,,,,,,,,,,,,,,,,,,,
,,,,,,,,,,,,,Standard Size / Green,PV_MZ1304200634ZETS_standard-size_green,1009.0,,1,TRUE,"https://content.public.markaz.app/markazimagevideo/public/thumbnails/products/1304-223-694105-product-6.webp,https://content.public.markaz.app/markazimagevideo/public/thumbnails/products/1304-223-694105-product-3.webp,https://content.public.markaz.app/markazimagevideo/public/thumbnails/products/1304-223-694105-product-1.webp,https://content.public.markaz.app/markazimagevideo/public/products/1304-223-694105-product-1.webp,https://content.public.markaz.app/markazimagevideo/public/thumbnails/products/1304-223-694105-product-2.webp,https://content.public.markaz.app/markazimagevideo/public/thumbnails/products/1304-223-694105-product-7.webp,https://content.public.markaz.app/markazimagevideo/public/thumbnails/products/1304-223-694105-product-4.webp,https://content.public.markaz.app/markazimagevideo/public/thumbnails/products/1304-223-694105-product-5.webp",,,,,Size,Standard Size,Color,Green,,
6 Pcs Dental Kit,6-pcs-dental-kit,,Number Of Pieces: 6 Pcs,,Health Accessories,Material: Stainless Steel | | Number Of Pieces: 6 Pcs |,,5.0,,,,,,,,,,,,,,,,,,,,,
,,,,,,,,,,,,,Standard / Silver,PV_MZ1338200031EEWD_standard_silver,1090.0,,1,TRUE,https://content.public.markaz.app/markazimagevideo/public/products/1338-223-466241-product-1.jpg,,,,,Color,Silver,Size,Standard,,
2 Pcs Silicone Workout Gloves,2-pcs-silicone-workout-gloves,,"Elevate your fitness routine with our 2 Pcs Silicone Workout Gloves. Designed for maximum comfort and durability, these gloves enhance grip while protecting your hands. Perfect for any workout, they’re easy to use and maintain, making them an essential accessory for your exercise regimen. Get ready to train harder and achieve your fitness goals!",,Health Accessories,Material: Silicone | | Number Of Pieces: 2 Pcs |,,5.0,,,,,,,,,,,,,,,,,,,,,
,,,,,,,,,,,,,Adjustable / Pink,PV_MZ1701200840ALHAGS_adjustable_pink,760.0,,60,TRUE,"https://content.public.markaz.app/markazimagevideo/public/thumbnails/products/1701-223-669423-product-3.webp,https://content.public.markaz.app/markazimagevideo/public/thumbnails/products/1701-223-669423-product-1.webp,https://content.public.markaz.app/markazimagevideo/public/thumbnails/products/1701-223-669423-product-4.webp,https://content.public.markaz.app/markazimagevideo/public/products/1701-223-669423-product-1.webp,https://content.public.markaz.app/markazimagevideo/public/thumbnails/products/1701-223-669423-product-5.webp,https://content.public.markaz.app/markazimagevideo/public/thumbnails/products/1701-223-669423-product-2.webp",,,,,Size,Adjustable,Color,Pink,,
Designed For Safety And Effectiveness Face Mask,designed-for-safety-and-effectiveness-face-mask,,"Number Of Pieces: 2 Pcs Product Feature: Designed For Safety And Effectiveness Bling masks are made of soft cotton fabric. It protects you while making you look very stylish and beautiful. It's suitable for daily use and outdoor activities. Such as Art exhibition, Party, Ideal for Motorcycling, Skiing, Running, Biking, Mountain and Climbing. Sequin bling face masks have gained popularity as a stylish accessory, adding glamour and sparkle to everyday outfits. The incorporation of sequins, beads, or crystals onto the masks elevates their aesthetic appeal, making them a fashion-forward choice for various occasions, from parties to formal events. The shimmering effect of sequins catches the light, creating an eye-catching and trendy look.",,Health Accessories,"Material: Cotton | | Number Of Pieces: 2 Pcs | | Product Feature: Designed For Safety And Effectiveness | | Bling masks are made of soft cotton fabric. It protects you while making you look very stylish and beautiful. It's suitable for daily use and outdoor activities. Such as Art exhibition, Party, Ideal for Motorcycling, Skiing, Running, Biking, Mountain and Climbing. Sequin bling face masks have gained popularity as a stylish accessory, adding glamour and sparkle to everyday outfits. The incorporation of sequins, beads, or crystals onto the masks elevates their aesthetic appeal, making them a fashion-forward choice for various occasions, from parties to formal events. The shimmering effect of sequins catches the light, creating an eye-catching and trendy look. |",,5.0,,,,,,,,,,,,,,,,,,,,,
,,,,,,,,,,,,,Standard / Black,PV_MZ97200000057CTSE_standard_black,570.0,,6,TRUE,"https://content.public.markaz.app/markazimagevideo/public/thumbnails/products/972-223-487835-product-975.jpg,https://content.public.markaz.app/markazimagevideo/public/thumbnails/products/972-223-487835-product-974.jpg,https://content.public.markaz.app/markazimagevideo/public/thumbnails/products/972-223-487835-product-976.jpg,https://content.public.markaz.app/markazimagevideo/public/thumbnails/products/972-223-487835-product-973-withcode.jpg,https://content.public.markaz.app/markazimagevideo/public/thumbnails/products/972-223-487835-product-973.jpg,https://content.public.markaz.app/markazimagevideo/public/products/972-223-487835-product-973.jpg",,,,,Color,Black,Size,Standard,,
10 Pcs Icing Cap for Wellness and Self,10-pcs-icing-cap-for-wellness-and-self,,"Discover the perfect solution for wellness and relaxation with our 10-piece Icing Cap set. Designed to promote self-care, these caps are ideal for soothing treatments and recovery. Made from gel material, they provide comfort and versatility, supporting your health needs wherever you go. Grab your pack today and elevate your self-care routine!",,Health Accessories,Material: Gel | | Number Of Pieces: 10 Pcs | | Product Feature: Promotes Wellness And Self-Care |,,5.0,,,,,,,,,,,,,,,,,,,,,
,,,,,,,,,,,,,Standard / Multicolor,PV_MZ51100000449AFTS_standard_standard,7110.0,,10,TRUE,"https://content.public.markaz.app/markazimagevideo/public/products/511-223-619072-product-1.jpg,https://content.public.markaz.app/markazimagevideo/public/thumbnails/products/511-223-619072-product-9.jpg,https://content.public.markaz.app/markazimagevideo/public/thumbnails/products/511-223-619072-product-4.jpg,https://content.public.markaz.app/markazimagevideo/public/thumbnails/products/511-223-619072-product-2.jpg,https://content.public.markaz.app/markazimagevideo/public/thumbnails/products/511-223-619072-product-1-withcode.jpg,https://content.public.markaz.app/markazimagevideo/public/thumbnails/products/511-223-619072-product-5.jpg,https://content.public.markaz.app/markazimagevideo/public/thumbnails/products/511-223-619072-product-6.jpg,https://content.public.markaz.app/markazimagevideo/public/thumbnails/products/511-223-619072-product-8.jpg,https://content.public.markaz.app/markazimagevideo/public/thumbnails/products/511-223-619072-product-3.jpg,https://content.public.markaz.app/markazimagevideo/public/thumbnails/products/511-223-619072-product-7.jpg,https://content.public.markaz.app/markazimagevideo/public/thumbnails/products/511-223-619072-product-1.jpg",,,,,Color,Multicolor,Size,Standard,,
Mesh Nebulizer,mesh-nebulizer,,Number Of Pieces: 1 Pc Product Feature: Supports Various Health Needs,,Health Accessories,Material: ABS Plastic | | Number Of Pieces: 1 Pc | | Product Feature: Supports Various Health Needs |,,5.0,,,,,,,,,,,,,,,,,,,,,
,,,,,,,,,,,,,Free Size / Multicolor,PV_MZ2060200016AASE_standard_standard,2009.0,,100,TRUE,"https://content.public.markaz.app/markazimagevideo/public/thumbnails/products/2060-223-684339-product-5.webp,https://content.public.markaz.app/markazimagevideo/public/thumbnails/products/2060-223-684339-product-3.webp,https://content.public.markaz.app/markazimagevideo/public/thumbnails/products/2060-223-684339-product-7.webp,https://content.public.markaz.app/markazimagevideo/public/thumbnails/products/2060-223-684339-product-2.webp,https://content.public.markaz.app/markazimagevideo/public/products/2060-223-684339-product-2.webp,https://content.public.markaz.app/markazimagevideo/public/thumbnails/products/2060-223-684339-product-6.webp,https://content.public.markaz.app/markazimagevideo/public/thumbnails/products/2060-223-684339-product-4.webp",,,,,Size,Free Size,Color,Multicolor,,
,,,,,,,,,,,,,Free Size / Multicolor,PV_MZ2060200018AASE_standard_standard,1760.0,,100,TRUE,"https://content.public.markaz.app/markazimagevideo/public/thumbnails/products/2060-223-686422-product-2.webp,https://content.public.markaz.app/markazimagevideo/public/thumbnails/products/2060-223-686422-product-1-withcode.webp,https://content.public.markaz.app/markazimagevideo/public/thumbnails/products/2060-223-686422-product-3.webp,https://content.public.markaz.app/markazimagevideo/public/thumbnails/products/2060-223-686422-product-1.webp,https://content.public.markaz.app/markazimagevideo/public/products/2060-223-686422-product-1.webp,https://content.public.markaz.app/markazimagevideo/public/thumbnails/products/2060-223-686422-product-6.webp,https://content.public.markaz.app/markazimagevideo/public/thumbnails/products/2060-223-686422-product-5.webp,https://content.public.markaz.app/markazimagevideo/public/thumbnails/products/2060-223-686422-product-4.webp",,,,,Size,Free Size,Color,Multicolor,,
Mini Hot Water Bottle Bags,mini-hot-water-bottle-bags,,"Stay warm and cozy with our 4 Pcs Compact Hot Water Bottle Set! Made from durable synthetic rubber, these lightweight bottles are perfect for travel or cozy nights at home. Enjoy soothing relief wherever you go, designed for practicality and ease of use. Perfect for all your warmth needs!",,Health Accessories,"Material: Synthetic Rubber | | Number Of Pieces: 4 Pcs | | Product Feature: Compact And Lightweight For Travel Or Storage, Durable And Reliable Materials, Portable |",,5.0,,,,,,,,,,,,,,,,,,,,,
,,,,,,,,,,,,,Standard Size / Multicolor,PV_MZ1472200047NETSWS_standard-size_standard,830.0,,14,TRUE,"https://content.public.markaz.app/markazimagevideo/public/thumbnails/products/1472-223-598458-product-5.jpg,https://content.public.markaz.app/markazimagevideo/public/thumbnails/products/1472-223-598458-product-2.jpg,https://content.public.markaz.app/markazimagevideo/public/thumbnails/products/1472-223-598458-product-4.webp,https://content.public.markaz.app/markazimagevideo/public/thumbnails/products/1472-223-598458-product-1.jpg,https://content.public.markaz.app/markazimagevideo/public/thumbnails/products/1472-223-598458-product-3.png,https://content.public.markaz.app/markazimagevideo/public/thumbnails/products/1472-223-598458-product-1-withcode.jpg,https://content.public.markaz.app/markazimagevideo/public/products/1472-223-598458-product-1.jpg",,,,,Size,Standard Size,Color,Multicolor,,
"Finger Gripper, Pack Of 3",finger-gripper-pack-of-3,,Number Of Pieces: 3 Pcs Length: 11.23 Cm Width: 3.5 Cm,,Health Accessories,Material: Synthetic Rubber | | Number Of Pieces: 3 Pcs | | Length: 11.23 Cm | | Width: 3.5 Cm |,,5.0,,,,,,,,,,,,,,,,,,,,,
,,,,,,,,,,,,,Standard / Black,PV_MZ51100000057AFTS_standard_black,900.0,,10,TRUE,"https://content.public.markaz.app/markazimagevideo/public/thumbnails/products/511-223-450196-product-4.jpg,https://content.public.markaz.app/markazimagevideo/public/thumbnails/products/511-223-450196-product-3.jpg,https://content.public.markaz.app/markazimagevideo/public/thumbnails/products/511-223-450196-product-7.webp,https://content.public.markaz.app/markazimagevideo/public/thumbnails/products/511-223-450196-product-8.webp,https://content.public.markaz.app/markazimagevideo/public/products/511-223-450196-product-1.jpg,https://content.public.markaz.app/markazimagevideo/public/thumbnails/products/511-223-450196-product-2.jpg,https://content.public.markaz.app/markazimagevideo/public/thumbnails/products/511-223-450196-product-6.webp,https://content.public.markaz.app/markazimagevideo/public/thumbnails/products/511-223-450196-product-1-withcode.jpg,https://content.public.markaz.app/markazimagevideo/public/thumbnails/products/511-223-450196-product-1.jpg,https://content.public.markaz.app/markazimagevideo/public/thumbnails/products/511-223-450196-product-5.jpg",,,3.5,,Color,Black,Size,Standard,,
,,,,,,,,,,,,,Standard / Grey,PV_MZ51100000057AFTS_standard_grey,900.0,,10,TRUE,"https://content.public.markaz.app/markazimagevideo/public/thumbnails/products/511-223-450196-product-4.jpg,https://content.public.markaz.app/markazimagevideo/public/thumbnails/products/511-223-450196-product-3.jpg,https://content.public.markaz.app/markazimagevideo/public/thumbnails/products/511-223-450196-product-7.webp,https://content.public.markaz.app/markazimagevideo/public/thumbnails/products/511-223-450196-product-8.webp,https://content.public.markaz.app/markazimagevideo/public/products/511-223-450196-product-1.jpg,https://content.public.markaz.app/markazimagevideo/public/thumbnails/products/511-223-450196-product-2.jpg,https://content.public.markaz.app/markazimagevideo/public/thumbnails/products/511-223-450196-product-6.webp,https://content.public.markaz.app/markazimagevideo/public/thumbnails/products/511-223-450196-product-1-withcode.jpg,https://content.public.markaz.app/markazimagevideo/public/thumbnails/products/511-223-450196-product-1.jpg,https://content.public.markaz.app/markazimagevideo/public/thumbnails/products/511-223-450196-product-5.jpg",,,3.5,,Color,Grey,Size,Standard,,
Surgical Gloves,surgical-gloves,,Number Of Pieces: 2 Pcs,,Health Accessories,Material: Silicone | | Number Of Pieces: 2 Pcs |,,5.0,,,,,,,,,,,,,,,,,,,,,
,,,,,,,,,,,,,Adjustable / Pink,PV_MZ1701200899ALHAGS_adjustable_pink,830.0,,120,TRUE,"https://content.public.markaz.app/markazimagevideo/public/thumbnails/products/1701-223-673752-product-4.webp,https://content.public.markaz.app/markazimagevideo/public/products/1701-223-673752-product-1.webp,https://content.public.markaz.app/markazimagevideo/public/thumbnails/products/1701-223-673752-product-1.webp,https://content.public.markaz.app/markazimagevideo/public/thumbnails/products/1701-223-673752-product-3.webp,https://content.public.markaz.app/markazimagevideo/public/thumbnails/products/1701-223-673752-product-5.webp,https://content.public.markaz.app/markazimagevideo/public/thumbnails/products/1701-223-673752-product-2.webp",,,,,Size,Adjustable,Color,Pink,,
,,,,,,,,,,,,,Standard / Multicolor,PV_MZ59400000060OEKI_standard_standard,884.0,,100,TRUE,"https://content.public.markaz.app/markazimagevideo/public/thumbnails/products/594-223-515014-product-1-withcode.jpg,https://content.public.markaz.app/markazimagevideo/public/thumbnails/products/594-223-515014-product-2.jpg,https://content.public.markaz.app/markazimagevideo/public/products/594-223-515014-product-1.jpg,https://content.public.markaz.app/markazimagevideo/public/thumbnails/products/594-223-515014-product-1.jpg,https://content.public.markaz.app/markazimagevideo/public/thumbnails/products/594-223-515014-product-4.jpg,https://content.public.markaz.app/markazimagevideo/public/thumbnails/products/594-223-515014-product-5.jpg,https://content.public.markaz.app/markazimagevideo/public/thumbnails/products/594-223-515014-product-3.jpg",,,,,Color,Multicolor,Size,Standard,,
"Durable Belly Fat Burner Belt - 1 Pc, Easy To Use and Maintain in Black and Yellow",durable-belly-fat-burner-belt---1-pc-easy-to-use-and-maintain-in-black-and-yellow,,"Transform your fitness journey with our Durable Belly Fat Burner Belt. Made from high-quality cloth, this effective belly shaper is designed for reliability and ease of use. Available in sizes XL and 2XL, it combines comfort with functionality, ensuring you stay motivated and supported throughout your workouts. Get ready to achieve your goals effortlessly!",,Health Accessories,"Material: Cloth | | Number Of Pieces: 1 Pc | | Product Feature: Durable And Reliable Materials, Easy To Use And Maintain |",,5.0,,,,,,,,,,,,,,,,,,,,,
,,,,,,,,,,,,,XL / Black,PV_MZ1177200008CYCS_xl_black,1209.0,,200,TRUE,"https://content.public.markaz.app/markazimagevideo/public/thumbnails/products/1177-223-549889-product-1.jpg,https://content.public.markaz.app/markazimagevideo/public/thumbnails/products/1177-223-549889-product-5.jpg,https://content.public.markaz.app/markazimagevideo/public/thumbnails/products/1177-223-549889-product-2.jpg,https://content.public.markaz.app/markazimagevideo/public/thumbnails/products/1177-223-549889-product-3.jpg,https://content.public.markaz.app/markazimagevideo/public/products/1177-223-549889-product-1.jpg,https://content.public.markaz.app/markazimagevideo/public/thumbnails/products/1177-223-549889-product-4.jpg",,,,,Size,XL,Color,Black,,
,,,,,,,,,,,,,XXL / Black,PV_MZ1177200008CYCS_xxl_black,1209.0,,200,TRUE,"https://content.public.markaz.app/markazimagevideo/public/thumbnails/products/1177-223-549889-product-1.jpg,https://content.public.markaz.app/markazimagevideo/public/thumbnails/products/1177-223-549889-product-5.jpg,https://content.public.markaz.app/markazimagevideo/public/thumbnails/products/1177-223-549889-product-2.jpg,https://content.public.markaz.app/markazimagevideo/public/thumbnails/products/1177-223-549889-product-3.jpg,https://content.public.markaz.app/markazimagevideo/public/products/1177-223-549889-product-1.jpg,https://content.public.markaz.app/markazimagevideo/public/thumbnails/products/1177-223-549889-product-4.jpg",,,,,Size,XXL,Color,Black,,
Foot Pedal Exercise Machine Arm and Leg Recovery Peddler Exerciser Under Desk Mini Exercise Bike,foot-pedal-exercise-machine-arm-and-leg-recovery-peddler-exerciser-under-desk-mini-exercise-bike,,Material/Fragrance: Stainless Steel Number Of Pieces: 1 Pc,,Health Accessories,Material/Fragrance: Stainless Steel | | Number Of Pieces: 1 Pc |,,5.0,,,,,,,,,,,,,,,,,,,,,
,,,,,,,,,,,,,Standard / Black,PV_MZ67400000048CYCH_standard_black,1109.0,,50,TRUE,https://content.public.markaz.app/markazimagevideo/public/products/674-223-329137-product-1.jpg,,,,,Color,Black,Size,Standard,,
Portable Compact Nebulizer,portable-compact-nebulizer,,"Experience the ease of breathing with our Compact Nebulizer. This 1-piece device is designed for portability and simplicity, making it perfect for travel or storage. With user-friendly features and durable materials, managing your health has never been easier. Take control of your wellness wherever you go!",,Health Accessories,"Material: Plastic | | Number Of Pieces: 1 Pc | | Product Feature: Affordable And Accessible Solutions, Compact And Lightweight For Travel Or Storage, Durable And Reliable Materials, Easy To Use And Maintain, User-Friendly Interfaces For Ease Of Operation |",,5.0,,,,,,,,,,,,,,,,,,,,,
,,,,,,,,,,,,,Standard Size / White,PV_MZ1472200061NETSWS_standard-size_white,1559.0,,8,TRUE,"https://content.public.markaz.app/markazimagevideo/public/thumbnails/products/1472-223-609587-product-6.webp,https://content.public.markaz.app/markazimagevideo/public/thumbnails/products/1472-223-609587-product-3.webp,https://content.public.markaz.app/markazimagevideo/public/thumbnails/products/1472-223-609587-product-1-withcode.jpeg,https://content.public.markaz.app/markazimagevideo/public/thumbnails/products/1472-223-609587-product-1.jpeg,https://content.public.markaz.app/markazimagevideo/public/thumbnails/products/1472-223-609587-product-2.webp,https://content.public.markaz.app/markazimagevideo/public/thumbnails/products/1472-223-609587-product-4.webp,https://content.public.markaz.app/markazimagevideo/public/products/1472-223-609587-product-1.jpeg,https://content.public.markaz.app/markazimagevideo/public/thumbnails/products/1472-223-609587-product-7.webp,https://content.public.markaz.app/markazimagevideo/public/thumbnails/products/1472-223-609587-product-5.webp",,,,,Size,Standard Size,Color,White,,
Chest Expander,chest-expander,,Home Gym,,Health Accessories,Material: Metal | | Rotating Handles | | Durable Springs | | High Quality Material |,,4.0,,,,,,,,,,,,,,,,,,,,,
,,,,,,,,,,,,,Standard Size / Standard,PV_MZ55900035GALXY_standard-size_standard,910.0,,100,TRUE,https://content.public.markaz.app/markazimagevideo/public/products/578-42759-234651-product-1.jpeg,,,,,Size,Standard Size,Color,Standard,,
JSL-W302 Portable Mesh Nebulizer – Ultra-Silent & Powerful for Adults and Children,jsl-w302-portable-mesh-nebulizer-ultra-silent-powerful-for-adults-and-children,,"? Ultra-Silent Mesh Technology for comfortable breathing therapy  ? Fine Mist Delivery for deeper lung penetration  ? Portable & Lightweight — ideal for home, office, and travel  ? Safe for Adults & Children with included masks  ? USB Rechargeable for cordless convenience  ? Smart Auto Shut-Off for safety and power saving  ? Leak-Proof, Handheld Design  ? Easy to Use & Easy to Clean  ? Suitable fo",,Health Accessories,"Material: ABS Plastic | | Number Of Pieces: 1 Pc | | Product Feature: Breathable And Hypoallergenic Materials For Sensitive Skin, Portable For On-The-Go Use | | Length: 7 Cm | | Width: 2 Cm | | Height: 8 Cm | | Capacity: 250 Ml |",,5.0,,,,,,,,,,,,,,,,,,,,,
,,,,,,,,,,,,,Standard / White,PV_MZ2213200029TEBTFD_standard_white,1409.0,,100,TRUE,"https://content.public.markaz.app/markazimagevideo/public/products/2213-223-699477-product-1.webp,https://content.public.markaz.app/markazimagevideo/public/thumbnails/products/2213-223-699477-product-3.webp,https://content.public.markaz.app/markazimagevideo/public/thumbnails/products/2213-223-699477-product-1-withcode.webp,https://content.public.markaz.app/markazimagevideo/public/thumbnails/products/2213-223-699477-product-1.webp,https://content.public.markaz.app/markazimagevideo/public/thumbnails/products/2213-223-699477-product-2.webp,https://content.public.markaz.app/markazimagevideo/public/thumbnails/products/2213-223-699477-product-4.webp",,8,2,,Color,White,Size,Standard,,
Heating Knee Pad random color,heating-knee-pad-random-color,,Number Of Pieces: 2 Pcs,,Health Accessories,Material: Wormwood | | Number Of Pieces: 2 Pcs |,,5.0,,,,,,,,,,,,,,,,,,,,,
,,,,,,,,,,,,,Adjustable / Black,PV_MZ1701201108ALHAGS_adjustable_black,730.0,,84,TRUE,https://content.public.markaz.app/markazimagevideo/public/products/1701-223-683263-product-1.webp,,,,,Size,Adjustable,Color,Black,,
Antiseptic Liquid,antiseptic-liquid,,Number Of Pieces: 2 Pcs Capacity: 100 Ml,,Health Accessories,Material: Liquid | | Number Of Pieces: 2 Pcs | | Capacity: 100 Ml |,,5.0,,,,,,,,,,,,,,,,,,,,,
,,,,,,,,,,,,,100 Ml / Brown,PV_MZ84900057NNTS_100-ml_brown,1040.0,,100,TRUE,https://content.public.markaz.app/markazimagevideo/public/products/849-223-397692-product-1.jpg,,,,,Size,100 Ml,Color,Brown,,
,,,,,,,,,,,,,50 Ml / Brown,PV_MZ84900058NNTS_50-ml_brown,747.0,,100,TRUE,https://content.public.markaz.app/markazimagevideo/public/products/849-223-397693-product-1.jpg,,,,,Size,50 Ml,Color,Brown,,
Instant Teeth Whitening Pen,instant-teeth-whitening-pen,,Teeth Whitening Pen,,Health Accessories,"Material: Plastic | | Product Details: Teeth Whitening Pen, Removes Stains, Easy To Use, Fast Results, Very Convenient And Pratical. |",,4.7,,,,,,,,,,,,,,,,,,,,,
,,,,,,,,,,,,,Standard Size / Standard,PV_MZ49200267AFTRD_standard-size_standard,660.0,,10,TRUE,"https://content.public.markaz.app/markazimagevideo/public/products/511-45747-248463-product-1.jpeg,https://content.public.markaz.app/markazimagevideo/public/thumbnails/products/511-45747-248463-product-4.jpeg,https://content.public.markaz.app/markazimagevideo/public/thumbnails/products/511-45747-248463-product-5.jpeg,https://content.public.markaz.app/markazimagevideo/public/thumbnails/products/511-45747-248463-product-1-withcode.jpeg,https://content.public.markaz.app/markazimagevideo/public/thumbnails/products/511-45747-248463-product-2.jpeg,https://content.public.markaz.app/markazimagevideo/public/thumbnails/products/511-45747-248463-product-6.jpeg,https://content.public.markaz.app/markazimagevideo/public/thumbnails/products/511-45747-248463-product-1.jpeg,https://content.public.markaz.app/markazimagevideo/public/thumbnails/products/511-45747-248463-product-3.jpeg",,,,,Size,Standard Size,Color,Standard,,
"Neutral Colors Hair Scrunchies - Matching Face Mask - Reusable, Washable, fashion fitted, crease free hair chunky scrunchie",neutral-colors-hair-scrunchies---matching-face-mask---reusable-washable-fashion-fitted-crease-free-h,,"Number Of Pieces: 2 Pcs Materials: Polyester, Cotton Handcrafted Matching Scrunchy and Face Mask Washable and Reusable Double layered Fitted Pattern designed for a snug and comfortable fit Elastic ear loops",,Health Accessories,"Material: Cloth | | Number Of Pieces: 2 Pcs | | Materials: Polyester, Cotton | | Handcrafted Matching Scrunchy and Face Mask | | Material: Poly/Spandex Blend | | Washable and Reusable | | Double layered | | Fitted Pattern designed for a snug and comfortable fit | | Elastic ear loops |",,5.0,,,,,,,,,,,,,,,,,,,,,
,,,,,,,,,,,,,Standard / Multicolor,PV_MZ1771200006LASE_standard_standard,709.0,,100,TRUE,https://content.public.markaz.app/markazimagevideo/public/products/1771-223-673867-product-1.webp,,,,,Color,Multicolor,Size,Standard,,
12 Pcs Knee Pain Relief Patch - Durable & Effective Support for Wellness,12-pcs-knee-pain-relief-patch---durable-effective-support-for-wellness,,"Experience relief with our 12 Pcs Knee Pain Relief Patch. Designed for safety and effectiveness, these patches are made from durable silicone materials that promote wellness and self-care. Perfect for anyone seeking reliable knee support and comfort. Say goodbye to discomfort and hello to mobility with our user-friendly solution!",,Health Accessories,"Material: Silicone | | Number Of Pieces: 12 Pcs | | Product Feature: Designed For Safety And Effectiveness, Durable And Reliable Materials, Promotes Wellness And Self-Care |",,5.0,,,,,,,,,,,,,,,,,,,,,
,,,,,,,,,,,,,Standard Size / Green,PV_MZ1304200209ZETS_standard-size_green,990.0,,997,TRUE,"https://content.public.markaz.app/markazimagevideo/public/thumbnails/products/1304-223-502364-product-5.jpg,https://content.public.markaz.app/markazimagevideo/public/thumbnails/products/1304-223-502364-product-2.jpg,https://content.public.markaz.app/markazimagevideo/public/thumbnails/products/1304-223-502364-product-6.jpg,https://content.public.markaz.app/markazimagevideo/public/thumbnails/products/1304-223-502364-product-1.jpg,https://content.public.markaz.app/markazimagevideo/public/products/1304-223-502364-product-1.jpg,https://content.public.markaz.app/markazimagevideo/public/thumbnails/products/1304-223-502364-product-4.jpg",,,,,Size,Standard Size,Color,Green,,
Effective Nail Fungus Treatment Serum,effective-nail-fungus-treatment-serum,,"Say goodbye to nail fungus with our potent Nail Fungus Treatment Serum. This easy-to-use liquid formula provides clinically-proven effectiveness to combat stubborn nail infections, restoring your nails to their healthy state. Conveniently packaged as 1 Pc, it’s perfect for on-the-go use or storage at home. Transform your nail health today!",,Health Accessories,Material: Liquid | | Number Of Pieces: 1 Pc |,,5.0,,,,,,,,,,,,,,,,,,,,,
,,,,,,,,,,,,,Standard Size / Brown,PV_MZ1472200062NETSWS_standard-size_brown,605.0,,39,TRUE,https://content.public.markaz.app/markazimagevideo/public/products/1472-223-609828-product-1.jpeg,,,,,Size,Standard Size,Color,Brown,,
Rubber Hot Water Bottle,rubber-hot-water-bottle,,Treat Your Pain With This Hot Water Bottle Treatment,,Health Accessories,"Material: Rubber | | Dimensions: Length: 35.5 Inches, Width: 19 Inches |",,4.1,,,,,,,,,,,,,,,,,,,,,
,,,,,,,,,,,,,100 Litre / Standard,PV_MZ22600037AZLFN_100-litre_standard,890.0,,10,TRUE,https://content.public.markaz.app/markazimagevideo/public/products/239-39257-215539-product-2.jpeg,,,19,,Size,100 Litre,Color,Standard,,
"Sugar Control L14 Acupressure Point Clip - 1 Pcs, Clinically",sugar-control-l14-acupressure-point-clip---1-pcs-clinically,,"Discover the Sugar Control L14 Acupressure Point Clip, designed to help manage health concerns effectively. This user-friendly tool is compact, perfect for home or travel, and features clinically-proven effectiveness. Enhance your wellness journey with this easy-to-use, durable clip, tailored for convenience and optimal health support. Take control of your health today!",,Health Accessories,"Material: ABS Plastic | | Number Of Pieces: 1 Pc | | Product Feature: Clinically-Proven Effectiveness For Specific Health Concerns | | Experience the benefits of the Sugar Control L14 Acupressure Point Clip, designed for clinically-proven effectiveness in managing specific health concerns. This portable and easy-to-use clip is perfect for enhancing your wellness routine, keeping your health in check anytime, anywhere. Enjoy a better quality of life with this innovative solution. |",,5.0,,,,,,,,,,,,,,,,,,,,,
,,,,,,,,,,,,,Standard Size / Black,PV_MZ196200053AMG_standard-size_black,1100.0,,10,TRUE,"https://content.public.markaz.app/markazimagevideo/public/thumbnails/products/196-223-560640-product-3.jpeg,https://content.public.markaz.app/markazimagevideo/public/thumbnails/products/196-223-560640-product-4.jpeg,https://content.public.markaz.app/markazimagevideo/public/thumbnails/products/196-223-560640-product-6.jpeg,https://content.public.markaz.app/markazimagevideo/public/thumbnails/products/196-223-560640-product-1.jpeg,https://content.public.markaz.app/markazimagevideo/public/thumbnails/products/196-223-560640-product-9.jpg,https://content.public.markaz.app/markazimagevideo/public/thumbnails/products/196-223-560640-product-10.jpeg,https://content.public.markaz.app/markazimagevideo/public/thumbnails/products/196-223-560640-product-2.jpeg,https://content.public.markaz.app/markazimagevideo/public/thumbnails/products/196-223-560640-product-8.jpeg,https://content.public.markaz.app/markazimagevideo/public/products/196-223-560640-product-1.jpeg,https://content.public.markaz.app/markazimagevideo/public/thumbnails/products/196-223-560640-product-5.jpeg,https://content.public.markaz.app/markazimagevideo/public/thumbnails/products/196-223-560640-product-1-withcode.jpeg",,,,,Size,Standard Size,Color,Black,,
1 Pc Innovative Headache Relief Patch,1-pc-innovative-headache-relief-patch,,"Experience relief like never before with our 1 Pc Headache Relief Patch. Crafted from gel and featuring an ergonomic design, this patch is perfect for promoting wellness and self-care. Its breathable, hypoallergenic materials make it ideal for sensitive skin. Say goodbye to discomfort and enjoy the convenience of portable relief wherever you go!",,Health Accessories,Material: Gel | | Number Of Pieces: 1 Pc |,,5.0,,,,,,,,,,,,,,,,,,,,,
,,,,,,,,,,,,,Standard Size / Black,PV_MZ1701200068ALHAGS_standard-size_black,2190.0,,100,TRUE,https://content.public.markaz.app/markazimagevideo/public/products/1701-223-606779-product-1.jpg,,,,,Size,Standard Size,Color,Black,,
Nail Fungal Treatment Nail Repair Essences Serum,nail-fungal-treatment-nail-repair-essences-serum,,"Experience effective relief with our Nail Fungus Treatment Serum. Designed for ease of use, this user-friendly solution comes in a convenient 1-piece package. Achieve healthier nails effortlessly with a product that promises easy maintenance and operation, perfect for your self-care routine.",,Health Accessories,"Material: Liquid | | Number Of Pieces: 1 Pc | | Product Feature: User-Friendly Interfaces For Ease Of Operation, Easy To Use And Maintain | | Length: 6 Cm | | Width: 4 Cm | | Height: 6 Cm | | Capacity: 10 Ml |",,5.0,,,,,,,,,,,,,,,,,,,,,
,,,,,,,,,,,,,Standard / Green,PV_MZ1787200002ZZJJTS_standard_green,809.0,,94,TRUE,"https://content.public.markaz.app/markazimagevideo/public/thumbnails/products/1787-223-649389-product-5.webp,https://content.public.markaz.app/markazimagevideo/public/products/1787-223-649389-product-1.webp,https://content.public.markaz.app/markazimagevideo/public/thumbnails/products/1787-223-649389-product-7.webp,https://content.public.markaz.app/markazimagevideo/public/thumbnails/products/1787-223-649389-product-1.webp,https://content.public.markaz.app/markazimagevideo/public/thumbnails/products/1787-223-649389-product-3.webp,https://content.public.markaz.app/markazimagevideo/public/thumbnails/products/1787-223-649389-product-2.webp,https://content.public.markaz.app/markazimagevideo/public/thumbnails/products/1787-223-649389-product-6.webp,https://content.public.markaz.app/markazimagevideo/public/thumbnails/products/1787-223-649389-product-4.webp",,6,4,,Color,Green,Size,Standard,,
50 Pcs Dental Floss Toothpicks,50-pcs-dental-floss-toothpicks,,Dental Floss Flosser Picks Toothpicks Teeth Stick Tooth Cleaning Interdental Brush Dental Floss Pick Oral Hygiene Care Number Of Pieces: 50 Pcs,,Health Accessories,Material: ABS Plastic | | Dental Floss Flosser Picks Toothpicks Teeth Stick | | Tooth Cleaning Interdental Brush Dental Floss Pick Oral Hygiene Care | | Number Of Pieces: 50 Pcs |,,5.0,,,,,,,,,,,,,,,,,,,,,
,,,,,,,,,,,,,Standard Size / White,PV_MZ59420039OEKI_standard-size_white,622.0,,10,TRUE,https://content.public.markaz.app/markazimagevideo/public/products/594-223-419227-product-1.jpg,,,,,Size,Standard Size,Color,White,,
EMS Hip Trainer,ems-hip-trainer,,To Speed Up Your Weight Loss,,Health Accessories,"Material: Resin, Gel | | Product Details: High-Quality Material, Portable And Lightweight Design |",,5.0,,,,,,,,,,,,,,,,,,,,,
,,,,,,,,,,,,,Standard Size / Orange,PV_MZ49200336AFTRD_standard-size_orange,1250.0,,10,TRUE,"https://content.public.markaz.app/markazimagevideo/public/thumbnails/products/511-0-255463-product-4-withcode.jpeg,https://content.public.markaz.app/markazimagevideo/public/thumbnails/products/511-0-255463-product-4.jpeg,https://content.public.markaz.app/markazimagevideo/public/thumbnails/products/511-0-255463-product-3.jpeg,https://content.public.markaz.app/markazimagevideo/public/thumbnails/products/511-0-255463-product-2.jpeg,https://content.public.markaz.app/markazimagevideo/public/thumbnails/products/511-0-255463-product-5.jpeg,https://content.public.markaz.app/markazimagevideo/public/products/511-0-255463-product-4.jpeg,https://content.public.markaz.app/markazimagevideo/public/thumbnails/products/511-0-255463-product-1.jpeg",,,,,Size,Standard Size,Color,Orange,,
Foot Pedal Tummy Trimmer,foot-pedal-tummy-trimmer,,To Speed Up Your Weight Loss,,Health Accessories,"Material: Latex | | Product Details: High-Quality Material, Portable And Lightweight Design, Trims Tummy |",,4.0,,,,,,,,,,,,,,,,,,,,,
,,,,,,,,,,,,,Random Color / Random,PV_MZ49200252AFTRD_random-color_random,908.0,,10,TRUE,https://content.public.markaz.app/markazimagevideo/public/products/511-45736-248448-product-1.jpeg,,,,,Size,Random Color,Color,Random,,
Japenese Pain Relief Gel,japenese-pain-relief-gel,,"Number Of Pieces: 1 Pc Product Feature: Clinically-Proven Effectiveness For Specific Health Concerns, Compact And Lightweight For Travel Or Storage, Compatible With Different Lifestyles",,Health Accessories,"Material: Gel | | Number Of Pieces: 1 Pc | | Product Feature: Clinically-Proven Effectiveness For Specific Health Concerns, Compact And Lightweight For Travel Or Storage, Compatible With Different Lifestyles |",,5.0,,,,,,,,,,,,,,,,,,,,,
,,,,,,,,,,,,,Standard Size / Red,PV_MZ100400354LHLE_standard-size_red,909.0,,100,TRUE,https://content.public.markaz.app/markazimagevideo/public/products/1004-223-650860-product-1.webp,,,,,Size,Standard Size,Color,Red,,
1 Pc Blue Silicone Headache Relief Patch,1-pc-blue-silicone-headache-relief-patch,,"Experience soothing relief with our Blue Silicone Headache Relief Patch. Designed for safety and effectiveness, this portable patch is perfect for on-the-go use. Its breathable and hypoallergenic material is gentle on sensitive skin, providing a comforting solution to your headache. Try it today for a quick and easy remedy that fits seamlessly into your lifestyle!",,Health Accessories,Material: Silicone | | Number Of Pieces: 1 Pc |,,5.0,,,,,,,,,,,,,,,,,,,,,
,,,,,,,,,,,,,Free Size / Blue,PV_MZ1701200240ALHAGS_standard_blue,1309.0,,100,TRUE,"https://content.public.markaz.app/markazimagevideo/public/thumbnails/products/1701-223-622253-product-1.jpg,https://content.public.markaz.app/markazimagevideo/public/thumbnails/products/1701-223-622253-product-1-withcode.jpg,https://content.public.markaz.app/markazimagevideo/public/products/1701-223-622253-product-1.jpg,https://content.public.markaz.app/markazimagevideo/public/thumbnails/products/1701-223-622253-product-4.jpg,https://content.public.markaz.app/markazimagevideo/public/thumbnails/products/1701-223-622253-product-5.jpg,https://content.public.markaz.app/markazimagevideo/public/thumbnails/products/1701-223-622253-product-3.jpg,https://content.public.markaz.app/markazimagevideo/public/thumbnails/products/1701-223-622253-product-2.jpg",,,,,Size,Free Size,Color,Blue,,
Headache & Migraine Relief Cap,headache-migraine-relief-cap,,"The Headache Relief migraine cap provides soothing 360° cooling compression to help ease tension, sinus pressure & migraine discomfort. Its soft & stretchable design fits comfortably around the head, offering fast & drug free relief whenever you need it.",,Health Accessories,"Material: Gel, Synthetic Rubber, Cloth | | Number Of Pieces: 1 Pc |",,5.0,,,,,,,,,,,,,,,,,,,,,
,,,,,,,,,,,,,Free Size / Multicolor,PV_MZ1472200100NETSWS_standard_standard,1309.0,,4,TRUE,"https://content.public.markaz.app/markazimagevideo/public/thumbnails/products/1472-223-675722-product-5.webp,https://content.public.markaz.app/markazimagevideo/public/thumbnails/products/1472-223-675722-product-4.webp,https://content.public.markaz.app/markazimagevideo/public/thumbnails/products/1472-223-675722-product-3.webp,https://content.public.markaz.app/markazimagevideo/public/products/1472-223-675722-product-1.webp,https://content.public.markaz.app/markazimagevideo/public/thumbnails/products/1472-223-675722-product-1-withcode.webp,https://content.public.markaz.app/markazimagevideo/public/thumbnails/products/1472-223-675722-product-2.webp,https://content.public.markaz.app/markazimagevideo/public/thumbnails/products/1472-223-675722-product-1.webp",,,,,Size,Free Size,Color,Multicolor,,
1 Pc Belly Fat Burner Belt,1-pc-belly-fat-burner-belt,,"Transform your wellness journey with our Belly Fat Burner Belt! This durable and reliable accessory is designed for comfort and effectiveness, encouraging healthy habits effortlessly. Made from breathable ABS plastic, it fits seamlessly into any lifestyle. Ideal for personal use or travel, this belt is your perfect partner in promoting self-care and managing health needs.",,Health Accessories,Material: ABS Plastic | | Number Of Pieces: 1 Pc | | * Belly Slim Patch | | * Abdomen Fat Burning | | * Weight Loss Slimmer Tool |,,5.0,,,,,,,,,,,,,,,,,,,,,
,,,,,,,,,,,,,Standard Size / Brown,PV_MZ1304200387ZETS_standard-size_brown,1250.0,,94,TRUE,"https://content.public.markaz.app/markazimagevideo/public/thumbnails/products/1304-223-560628-product-2.jpeg,https://content.public.markaz.app/markazimagevideo/public/thumbnails/products/1304-223-560628-product-1-withcode.jpeg,https://content.public.markaz.app/markazimagevideo/public/thumbnails/products/1304-223-560628-product-5.jpeg,https://content.public.markaz.app/markazimagevideo/public/thumbnails/products/1304-223-560628-product-4.jpeg,https://content.public.markaz.app/markazimagevideo/public/products/1304-223-560628-product-1.jpeg,https://content.public.markaz.app/markazimagevideo/public/thumbnails/products/1304-223-560628-product-1.jpeg,https://content.public.markaz.app/markazimagevideo/public/thumbnails/products/1304-223-560628-product-6.jpeg,https://content.public.markaz.app/markazimagevideo/public/thumbnails/products/1304-223-560628-product-3.jpeg",,,,,Size,Standard Size,Color,Brown,,
"Nail Growth Treatment Serum, 5 Pcs",nail-growth-treatment-serum-5-pcs,,Number Of Pieces: 5 Pcs Product Feature: Promotes Wellness And Self-Care,,Health Accessories,Material: Liquid | | Number Of Pieces: 5 Pcs | | Product Feature: Promotes Wellness And Self-Care |,,5.0,,,,,,,,,,,,,,,,,,,,,
,,,,,,,,,,,,,Standard / White,PV_MZ51100000537AFTS_standard_white,2609.0,,100,TRUE,"https://content.public.markaz.app/markazimagevideo/public/thumbnails/products/511-223-642779-product-9.webp,https://content.public.markaz.app/markazimagevideo/public/thumbnails/products/511-223-642779-product-7.webp,https://content.public.markaz.app/markazimagevideo/public/thumbnails/products/511-223-642779-product-3.webp,https://content.public.markaz.app/markazimagevideo/public/thumbnails/products/511-223-642779-product-5.webp,https://content.public.markaz.app/markazimagevideo/public/thumbnails/products/511-223-642779-product-6.webp,https://content.public.markaz.app/markazimagevideo/public/thumbnails/products/511-223-642779-product-8.webp,https://content.public.markaz.app/markazimagevideo/public/thumbnails/products/511-223-642779-product-4.webp,https://content.public.markaz.app/markazimagevideo/public/products/511-223-642779-product-1.webp,https://content.public.markaz.app/markazimagevideo/public/thumbnails/products/511-223-642779-product-2.webp,https://content.public.markaz.app/markazimagevideo/public/thumbnails/products/511-223-642779-product-1.webp",,,,,Color,White,Size,Standard,,
1 Pc Belly Fat Burner Belt - Durable & Easy To Use for Effective Results,1-pc-belly-fat-burner-belt---durable-easy-to-use-for-effective-results,,"Experience effective weight management with our 1 Pc Belly Fat Burner Belt, crafted from durable ABS plastic. This innovative product promotes wellness and supports various health needs. Whether at home or on the go, enjoy user-friendly operation and maintain your fitness journey effortlessly. Transform your health with our reliable and easy-to-use belt today!",,Health Accessories,Material: ABS Plastic | | Number Of Pieces: 1 Pc | | * Belly Slim Patch | | * Abdomen Fat Burning | | * Weight Loss Slimmer Tool |,,5.0,,,,,,,,,,,,,,,,,,,,,
,,,,,,,,,,,,,Standard Size / Brown,PV_MZ1408200372IATS_standard-size_brown,1250.0,,98,TRUE,"https://content.public.markaz.app/markazimagevideo/public/thumbnails/products/1408-223-560634-product-3.jpeg,https://content.public.markaz.app/markazimagevideo/public/thumbnails/products/1408-223-560634-product-6.jpeg,https://content.public.markaz.app/markazimagevideo/public/thumbnails/products/1408-223-560634-product-4.jpeg,https://content.public.markaz.app/markazimagevideo/public/thumbnails/products/1408-223-560634-product-2.jpeg,https://content.public.markaz.app/markazimagevideo/public/products/1408-223-560634-product-1.jpeg,https://content.public.markaz.app/markazimagevideo/public/thumbnails/products/1408-223-560634-product-1.jpeg,https://content.public.markaz.app/markazimagevideo/public/thumbnails/products/1408-223-560634-product-1-withcode.jpeg,https://content.public.markaz.app/markazimagevideo/public/thumbnails/products/1408-223-560634-product-5.jpeg",,,,,Size,Standard Size,Color,Brown,,
"Nail Growth Treatment Serum, 20 Pcs",nail-growth-treatment-serum-20-pcs,,Number Of Pieces: 20 Pcs Product Feature: Promotes Wellness And Self-Care,,Health Accessories,Material: Liquid | | Number Of Pieces: 20 Pcs | | Product Feature: Promotes Wellness And Self-Care |,,5.0,,,,,,,,,,,,,,,,,,,,,
,,,,,,,,,,,,,Standard / White,PV_MZ51100000539AFTS_standard_white,9210.0,,100,TRUE,"https://content.public.markaz.app/markazimagevideo/public/products/511-223-642785-product-1.webp,https://content.public.markaz.app/markazimagevideo/public/thumbnails/products/511-223-642785-product-4.webp,https://content.public.markaz.app/markazimagevideo/public/thumbnails/products/511-223-642785-product-3.webp,https://content.public.markaz.app/markazimagevideo/public/thumbnails/products/511-223-642785-product-5.webp,https://content.public.markaz.app/markazimagevideo/public/thumbnails/products/511-223-642785-product-7.webp,https://content.public.markaz.app/markazimagevideo/public/thumbnails/products/511-223-642785-product-2.webp,https://content.public.markaz.app/markazimagevideo/public/thumbnails/products/511-223-642785-product-1.webp,https://content.public.markaz.app/markazimagevideo/public/thumbnails/products/511-223-642785-product-8.webp,https://content.public.markaz.app/markazimagevideo/public/thumbnails/products/511-223-642785-product-6.webp,https://content.public.markaz.app/markazimagevideo/public/thumbnails/products/511-223-642785-product-9.webp",,,,,Color,White,Size,Standard,,
Durable Walking Stick Chair Walking Cane Portable for Add Comfort,durable-walking-stick-chair-walking-cane-portable-for-add-comfort,,"Number Of Pieces: 1 Pc ? Dual Functionality – Serves as both a reliable walking cane and a foldable seat for quick resting ? Strong & Durable Build – Constructed with high-quality metal alloy for long-lasting performance ? Comfort-Enhanced Seat – Ergonomically designed seat provides stability and comfort wherever you go ? Lightweight & Portable – Easy to carry, fold, and store; ideal for travel, shopping, and outdoor activities ? Perfect for Seniors & Mobility Support – Offers independence and ease for elderly or recovering individuals",,Health Accessories,"Material: Aluminium | | Number Of Pieces: 1 Pc | | ? Dual Functionality – Serves as both a reliable walking cane and a foldable seat for quick resting | | ? Strong & Durable Build – Constructed with high-quality metal alloy for long-lasting performance | | ? Comfort-Enhanced Seat – Ergonomically designed seat provides stability and comfort wherever you go | | ? Lightweight & Portable – Easy to carry, fold, and store; ideal for travel, shopping, and outdoor activities | | ? Perfect for Seniors & Mobility Support – Offers independence and ease for elderly or recovering individuals |",,5.0,,,,,,,,,,,,,,,,,,,,,
,,,,,,,,,,,,,Standard / Blue,PV_MZ2184200014HDSE_standard_blue,5709.0,,200,TRUE,"https://content.public.markaz.app/markazimagevideo/public/thumbnails/products/2184-223-692701-product-5.webp,https://content.public.markaz.app/markazimagevideo/public/thumbnails/products/2184-223-692701-product-2.webp,https://content.public.markaz.app/markazimagevideo/public/thumbnails/products/2184-223-692701-product-3.webp,https://content.public.markaz.app/markazimagevideo/public/thumbnails/products/2184-223-692701-product-4.webp,https://content.public.markaz.app/markazimagevideo/public/products/2184-223-692701-product-1.webp,https://content.public.markaz.app/markazimagevideo/public/thumbnails/products/2184-223-692701-product-1.webp",,,,,Color,Blue,Size,Standard,,
,,,,,,,,,,,,,Standard / Red,PV_MZ2184200014HDSE_standard_red,5709.0,,200,TRUE,"https://content.public.markaz.app/markazimagevideo/public/thumbnails/products/2184-223-692701-product-5.webp,https://content.public.markaz.app/markazimagevideo/public/thumbnails/products/2184-223-692701-product-2.webp,https://content.public.markaz.app/markazimagevideo/public/thumbnails/products/2184-223-692701-product-3.webp,https://content.public.markaz.app/markazimagevideo/public/thumbnails/products/2184-223-692701-product-4.webp,https://content.public.markaz.app/markazimagevideo/public/products/2184-223-692701-product-1.webp,https://content.public.markaz.app/markazimagevideo/public/thumbnails/products/2184-223-692701-product-1.webp",,,,,Color,Red,Size,Standard,,
Pain Relief silicone Socks,pain-relief-silicone-socks,,Number Of Pieces: 2 Pcs,,Health Accessories,Material: Silicone | | Number Of Pieces: 2 Pcs |,,5.0,,,,,,,,,,,,,,,,,,,,,
,,,,,,,,,,,,,Standard / Pink,PV_MZ1518200766BGSE_standard_pink,629.0,,998,TRUE,https://content.public.markaz.app/markazimagevideo/public/products/1518-223-681208-product-2.webp,,,,,Color,Pink,Size,Standard,,
Women's Belly Support Belt,womens-belly-support-belt,,Number Of Pieces: 1 Pc,,Health Accessories,Material: ABS Plastic | | Number Of Pieces: 1 Pc |,,5.0,,,,,,,,,,,,,,,,,,,,,
,,,,,,,,,,,,,Medium / Black,PV_MZ51100000047AFTS_medium_black,1450.0,,300,TRUE,"https://content.public.markaz.app/markazimagevideo/public/thumbnails/products/511-223-448206-product-5.jpg,https://content.public.markaz.app/markazimagevideo/public/thumbnails/products/511-223-448206-product-1-withcode.jpg,https://content.public.markaz.app/markazimagevideo/public/thumbnails/products/511-223-448206-product-8.jpg,https://content.public.markaz.app/markazimagevideo/public/thumbnails/products/511-223-448206-product-7.jpg,https://content.public.markaz.app/markazimagevideo/public/products/511-223-448206-product-1.jpg,https://content.public.markaz.app/markazimagevideo/public/thumbnails/products/511-223-448206-product-2.jpg,https://content.public.markaz.app/markazimagevideo/public/thumbnails/products/511-223-448206-product-6.jpg,https://content.public.markaz.app/markazimagevideo/public/thumbnails/products/511-223-448206-product-1.jpg,https://content.public.markaz.app/markazimagevideo/public/thumbnails/products/511-223-448206-product-3.jpg,https://content.public.markaz.app/markazimagevideo/public/thumbnails/products/511-223-448206-product-4.jpg",,,,,Size,Medium,Color,Black,,
,,,,,,,,,,,,,Large / Black,PV_MZ51100000047AFTS_large_black,1450.0,,300,TRUE,"https://content.public.markaz.app/markazimagevideo/public/thumbnails/products/511-223-448206-product-5.jpg,https://content.public.markaz.app/markazimagevideo/public/thumbnails/products/511-223-448206-product-1-withcode.jpg,https://content.public.markaz.app/markazimagevideo/public/thumbnails/products/511-223-448206-product-8.jpg,https://content.public.markaz.app/markazimagevideo/public/thumbnails/products/511-223-448206-product-7.jpg,https://content.public.markaz.app/markazimagevideo/public/products/511-223-448206-product-1.jpg,https://content.public.markaz.app/markazimagevideo/public/thumbnails/products/511-223-448206-product-2.jpg,https://content.public.markaz.app/markazimagevideo/public/thumbnails/products/511-223-448206-product-6.jpg,https://content.public.markaz.app/markazimagevideo/public/thumbnails/products/511-223-448206-product-1.jpg,https://content.public.markaz.app/markazimagevideo/public/thumbnails/products/511-223-448206-product-3.jpg,https://content.public.markaz.app/markazimagevideo/public/thumbnails/products/511-223-448206-product-4.jpg",,,,,Size,Large,Color,Black,,
,,,,,,,,,,,,,XL / Black,PV_MZ51100000047AFTS_xl_black,1450.0,,300,TRUE,"https://content.public.markaz.app/markazimagevideo/public/thumbnails/products/511-223-448206-product-5.jpg,https://content.public.markaz.app/markazimagevideo/public/thumbnails/products/511-223-448206-product-1-withcode.jpg,https://content.public.markaz.app/markazimagevideo/public/thumbnails/products/511-223-448206-product-8.jpg,https://content.public.markaz.app/markazimagevideo/public/thumbnails/products/511-223-448206-product-7.jpg,https://content.public.markaz.app/markazimagevideo/public/products/511-223-448206-product-1.jpg,https://content.public.markaz.app/markazimagevideo/public/thumbnails/products/511-223-448206-product-2.jpg,https://content.public.markaz.app/markazimagevideo/public/thumbnails/products/511-223-448206-product-6.jpg,https://content.public.markaz.app/markazimagevideo/public/thumbnails/products/511-223-448206-product-1.jpg,https://content.public.markaz.app/markazimagevideo/public/thumbnails/products/511-223-448206-product-3.jpg,https://content.public.markaz.app/markazimagevideo/public/thumbnails/products/511-223-448206-product-4.jpg",,,,,Size,XL,Color,Black,,
8 Pcs Durable Knee Pain Relief Patch - Easy To Use & Reliable,8-pcs-durable-knee-pain-relief-patch---easy-to-use-reliable,,"Experience effective knee pain relief with our durable 8 Pcs Knee Pain Relief Patch. Designed with reliable materials, these patches provide comfort and usability for on-the-go pain management. Whether at home or traveling, enjoy a therapeutic solution that promotes wellness and supports your active lifestyle. Say goodbye to discomfort with our innovative patches!",,Health Accessories,Material: Silicone | | Number Of Pieces: 8 Pcs | | Product Feature: Durable And Reliable Materials |,,5.0,,,,,,,,,,,,,,,,,,,,,
,,,,,,,,,,,,,Standard Size / Green,PV_MZ1518200532BGSE_standard-size_green,909.0,,100,TRUE,"https://content.public.markaz.app/markazimagevideo/public/thumbnails/products/1518-223-636299-product-5.webp,https://content.public.markaz.app/markazimagevideo/public/thumbnails/products/1518-223-636299-product-2.webp,https://content.public.markaz.app/markazimagevideo/public/thumbnails/products/1518-223-636299-product-1.webp,https://content.public.markaz.app/markazimagevideo/public/thumbnails/products/1518-223-636299-product-4.webp,https://content.public.markaz.app/markazimagevideo/public/thumbnails/products/1518-223-636299-product-1-withcode.webp,https://content.public.markaz.app/markazimagevideo/public/thumbnails/products/1518-223-636299-product-3.webp,https://content.public.markaz.app/markazimagevideo/public/products/1518-223-636299-product-1.webp,https://content.public.markaz.app/markazimagevideo/public/thumbnails/products/1518-223-636299-product-6.webp",,,,,Size,Standard Size,Color,Green,,
Electric Menstrual Heating Pad Period Cramp Relief Belt,electric-menstrual-heating-pad-period-cramp-relief-belt,,"Experience relief during your menstrual cycle with our Portable Electric Period Cramp Heating Belt. This innovative heating patch is designed for safety and effectiveness, providing comfort wherever you go. Its breathable and hypoallergenic materials ensure it is gentle on sensitive skin, making it a must-have for self-care during your monthly routine.",,Health Accessories,Material: ABS Plastic | | Number Of Pieces: 1 Pc |,,5.0,,,,,,,,,,,,,,,,,,,,,
,,,,,,,,,,,,,Standard / Pink,PV_MZ1533200082SGSE_standard_pink,2060.0,,10,TRUE,"https://content.public.markaz.app/markazimagevideo/public/thumbnails/products/1533-223-613071-product-1.jpeg,https://content.public.markaz.app/markazimagevideo/public/thumbnails/products/1533-223-613071-product-2.jpeg,https://content.public.markaz.app/markazimagevideo/public/thumbnails/products/1533-223-613071-product-1-withcode.jpeg,https://content.public.markaz.app/markazimagevideo/public/thumbnails/products/1533-223-613071-product-1534-withcode.jpg,https://content.public.markaz.app/markazimagevideo/public/thumbnails/products/1533-223-613071-product-4.jpeg,https://content.public.markaz.app/markazimagevideo/public/thumbnails/products/1533-223-613071-product-6.jpeg,https://content.public.markaz.app/markazimagevideo/public/thumbnails/products/1533-223-613071-product-5.jpeg,https://content.public.markaz.app/markazimagevideo/public/products/1533-223-613071-product-1534.jpg,https://content.public.markaz.app/markazimagevideo/public/thumbnails/products/1533-223-613071-product-3.jpeg,https://content.public.markaz.app/markazimagevideo/public/thumbnails/products/1533-223-613071-product-1534.jpg",,,,,Color,Pink,Size,Standard,,
V34 Tooth Tinting Essence,v34-tooth-tinting-essence,,"Number Of Pieces: 1 Pc Product Feature: Clinically-Proven Effectiveness For Specific Health Concerns Length: 9 Cm Width: 4 Inches Height: 7 Cm Capacity: 30 Ml ??Deep Clean Teeth?The v34 color corrector toothpaste penetrates the teeth gaps in the enamel to remove food particles and deep stains embedded in them. ??Color Correction?V34 uses color correction technology to whiten teeth, purple in the color circle is a contrasting color of yellow, which can correct yellow teeth and has an excellent effect on teeth white. ??Advanced Stain Removal Formula?Teeth Toothpaste contains advanced stain removal formula to remove deep stains, make your teeth whiter and make your smile more beautiful. ??Keep Your Breath Cool?Mint is used for an invigorating menthol flavor that freshens breath. Menthol also has cleaning properties that keep teeth and gums strong. ??Small and Portable?The v34 color corrector toothpaste teeth white toothpaste is very small in size, easy to carry.",,Health Accessories,"Material: Gel | | Number Of Pieces: 1 Pc | | Product Feature: Clinically-Proven Effectiveness For Specific Health Concerns | | Length: 9 Cm | | Width: 4 Inches | | Height: 7 Cm | | Capacity: 30 Ml | | ??Deep Clean Teeth?The v34 color corrector toothpaste penetrates the teeth gaps in the enamel to remove food particles and deep stains embedded in them. | | ??Color Correction?V34 uses color correction technology to whiten teeth, purple in the color circle is a contrasting color of yellow, which can correct yellow teeth and has an excellent effect on teeth white. | | ??Advanced Stain Removal Formula?Teeth Toothpaste contains advanced stain removal formula to remove deep stains, make your teeth whiter and make your smile more beautiful. | | ??Keep Your Breath Cool?Mint is used for an invigorating menthol flavor that freshens breath. Menthol also has cleaning properties that keep teeth and gums strong. | | ??Small and Portable?The v34 color corrector toothpaste teeth white toothpaste is very small in size, easy to carry. |",,5.0,,,,,,,,,,,,,,,,,,,,,
,,,,,,,,,,,,,Standard / Blue,PV_MZ34200003ARCN_standard_blue,630.0,,4,TRUE,"https://content.public.markaz.app/markazimagevideo/public/thumbnails/products/34-223-454309-product-3.png,https://content.public.markaz.app/markazimagevideo/public/thumbnails/products/34-223-454309-product-2.png,https://content.public.markaz.app/markazimagevideo/public/thumbnails/products/34-223-454309-product-5.png,https://content.public.markaz.app/markazimagevideo/public/thumbnails/products/34-223-454309-product-1.png,https://content.public.markaz.app/markazimagevideo/public/thumbnails/products/34-223-454309-product-4.png,https://content.public.markaz.app/markazimagevideo/public/products/34-223-454309-product-1.png,https://content.public.markaz.app/markazimagevideo/public/thumbnails/products/34-223-454309-product-1-withcode.png",,7,4,,Color,Blue,Size,Standard,,
"Ice Cap For Headaches, Migraine Relief",ice-cap-for-headaches-migraine-relief,,"Experience Natural Relief For Headache Migraine With Our Migraine Cap With 360 Degrees Of Large Coverage, It Can Effectively Use Relief Forehead Pain, Migraine Eye Discomfort, Sinusitis, Pressure By Means Of Hot Wrap And Ice Compression Number Of Pieces: 1 Pc",,Health Accessories,"Material: Silicone | | Experience Natural Relief For Headache | | Migraine With Our Migraine Cap | | With 360 Degrees Of Large Coverage, It Can Effectively Use Relief Forehead Pain, Migraine | | Eye Discomfort, Sinusitis, Pressure By Means Of Hot Wrap And Ice Compression | | Number Of Pieces: 1 Pc |",,5.0,,,,,,,,,,,,,,,,,,,,,
,,,,,,,,,,,,,Standard / Sky Blue,PV_MZ51120106AFTS_standard_sky-blue,1300.0,,10,TRUE,https://content.public.markaz.app/markazimagevideo/public/products/511-223-384502-product-1.jpg,,,,,Color,Sky Blue,Size,Standard,,
,,,,,,,,,,,,,Standard / Pink,PV_MZ51120106AFTS_standard_pink,1300.0,,10,TRUE,https://content.public.markaz.app/markazimagevideo/public/products/511-223-384502-product-1.jpg,,,,,Color,Pink,Size,Standard,,
,,,,,,,,,,,,,Standard / Multicolor,PV_MZ51120106AFTS_standard_standard,1300.0,,10,TRUE,https://content.public.markaz.app/markazimagevideo/public/products/511-223-384502-product-1.jpg,,,,,Color,Multicolor,Size,Standard,,
1 Pc Finger Gripper,1-pc-finger-gripper,,"Enhance Forearm And Hand Strength With Our Finger Exerciser Ideal For Everyone, Including Athletes, Musicians, And Those In Physical Therapy Perfect For Guitarists, Pianists, And Violinists To Warm Up Their Fingers Number Of Pieces: 1 Pc",,Health Accessories,"Material: Silicone | | Enhance Forearm And Hand Strength With Our Finger Exerciser | | Ideal For Everyone, Including Athletes, Musicians, And Those In Physical Therapy | | Perfect For Guitarists, Pianists, And Violinists To Warm Up Their Fingers | | Number Of Pieces: 1 Pc |",,5.0,,,,,,,,,,,,,,,,,,,,,
,,,,,,,,,,,,,Standard / Black,PV_MZ94320064PMGTIM_standard_black,760.0,,100,TRUE,https://content.public.markaz.app/markazimagevideo/public/products/943-223-424539-product-1.jpg,,,,,Color,Black,Size,Standard,,
Workout Gloves,workout-gloves,,Number Of Pieces: 2 Pcs,,Health Accessories,Material: Silicone | | Number Of Pieces: 2 Pcs |,,5.0,,,,,,,,,,,,,,,,,,,,,
,,,,,,,,,,,,,Free Size / Pink,PV_MZ1701201054ALHAGS_standard_pink,760.0,,100,TRUE,"https://content.public.markaz.app/markazimagevideo/public/thumbnails/products/1701-223-681736-product-1.webp,https://content.public.markaz.app/markazimagevideo/public/thumbnails/products/1701-223-681736-product-5.webp,https://content.public.markaz.app/markazimagevideo/public/products/1701-223-681736-product-1.webp,https://content.public.markaz.app/markazimagevideo/public/thumbnails/products/1701-223-681736-product-4.webp,https://content.public.markaz.app/markazimagevideo/public/thumbnails/products/1701-223-681736-product-3.webp,https://content.public.markaz.app/markazimagevideo/public/thumbnails/products/1701-223-681736-product-2.webp",,,,,Size,Free Size,Color,Pink,,
12 Pcs Clinically,12-pcs-clinically,,"Experience effective relief with our Knee Pain Relief Patches, clinically proven to support specific health concerns. Designed for ultimate comfort and convenience, these patches promote wellness and self-care, making them a perfect addition to your self-care routine. Each pack contains 12 patches, ideal for regular use and targeted pain relief.",,Health Accessories,"Material: Wormwood | | Number Of Pieces: 12 Pcs | | Product Feature: Clinically-Proven Effectiveness For Specific Health Concerns, Promotes Wellness And Self-Care |",,5.0,,,,,,,,,,,,,,,,,,,,,
,,,,,,,,,,,,,Standard / Green,PV_MZ1347200211CNCS_standard_green,990.0,,1,TRUE,"https://content.public.markaz.app/markazimagevideo/public/thumbnails/products/1347-223-502423-product-5.jpg,https://content.public.markaz.app/markazimagevideo/public/thumbnails/products/1347-223-502423-product-2.jpg,https://content.public.markaz.app/markazimagevideo/public/thumbnails/products/1347-223-502423-product-1.jpg,https://content.public.markaz.app/markazimagevideo/public/thumbnails/products/1347-223-502423-product-6.jpg,https://content.public.markaz.app/markazimagevideo/public/thumbnails/products/1347-223-502423-product-4.jpg,https://content.public.markaz.app/markazimagevideo/public/products/1347-223-502423-product-1.jpg",,,,,Color,Green,Size,Standard,,
Japenese Joint Pain Relief Gel,japenese-joint-pain-relief-gel,,Number Of Pieces: 1 Pc Product Feature: Clinically-Proven Effectiveness For Specific Health Concerns,,Health Accessories,Material: Gel | | Number Of Pieces: 1 Pc | | Product Feature: Clinically-Proven Effectiveness For Specific Health Concerns |,,5.0,,,,,,,,,,,,,,,,,,,,,
,,,,,,,,,,,,,Standard Size / Red,PV_MZ1183200113CCCS_standard-size_red,859.0,,100,TRUE,https://content.public.markaz.app/markazimagevideo/public/products/1183-223-650870-product-1.webp,,,,,Size,Standard Size,Color,Red,,
